
MAESTRO_.elf:     file format elf32-avr

Sections:
Idx Name          Size      VMA       LMA       File off  Algn
  0 .data         000003ae  00800100  0000128c  00001320  2**0
                  CONTENTS, ALLOC, LOAD, DATA
  1 .text         0000128c  00000000  00000000  00000094  2**1
                  CONTENTS, ALLOC, LOAD, READONLY, CODE
  2 .bss          0000000b  008004ae  008004ae  000016ce  2**0
                  ALLOC
  3 .comment      0000005c  00000000  00000000  000016ce  2**0
                  CONTENTS, READONLY
  4 .note.gnu.avr.deviceinfo 00000040  00000000  00000000  0000172c  2**2
                  CONTENTS, READONLY
  5 .debug_aranges 00000120  00000000  00000000  0000176c  2**0
                  CONTENTS, READONLY, DEBUGGING
  6 .debug_info   000022b9  00000000  00000000  0000188c  2**0
                  CONTENTS, READONLY, DEBUGGING
  7 .debug_abbrev 00000935  00000000  00000000  00003b45  2**0
                  CONTENTS, READONLY, DEBUGGING
  8 .debug_line   00000dcd  00000000  00000000  0000447a  2**0
                  CONTENTS, READONLY, DEBUGGING
  9 .debug_frame  00000304  00000000  00000000  00005248  2**2
                  CONTENTS, READONLY, DEBUGGING
 10 .debug_str    000006ed  00000000  00000000  0000554c  2**0
                  CONTENTS, READONLY, DEBUGGING
 11 .debug_loc    00000f3a  00000000  00000000  00005c39  2**0
                  CONTENTS, READONLY, DEBUGGING
 12 .debug_ranges 00000110  00000000  00000000  00006b73  2**0
                  CONTENTS, READONLY, DEBUGGING

Disassembly of section .text:

00000000 <__vectors>:
       0:	0c 94 34 00 	jmp	0x68	; 0x68 <__ctors_end>
       4:	0c 94 51 00 	jmp	0xa2	; 0xa2 <__bad_interrupt>
       8:	0c 94 51 00 	jmp	0xa2	; 0xa2 <__bad_interrupt>
       c:	0c 94 51 00 	jmp	0xa2	; 0xa2 <__bad_interrupt>
      10:	0c 94 51 00 	jmp	0xa2	; 0xa2 <__bad_interrupt>
      14:	0c 94 51 00 	jmp	0xa2	; 0xa2 <__bad_interrupt>
      18:	0c 94 51 00 	jmp	0xa2	; 0xa2 <__bad_interrupt>
      1c:	0c 94 51 00 	jmp	0xa2	; 0xa2 <__bad_interrupt>
      20:	0c 94 51 00 	jmp	0xa2	; 0xa2 <__bad_interrupt>
      24:	0c 94 51 00 	jmp	0xa2	; 0xa2 <__bad_interrupt>
      28:	0c 94 51 00 	jmp	0xa2	; 0xa2 <__bad_interrupt>
      2c:	0c 94 51 00 	jmp	0xa2	; 0xa2 <__bad_interrupt>
      30:	0c 94 51 00 	jmp	0xa2	; 0xa2 <__bad_interrupt>
      34:	0c 94 51 00 	jmp	0xa2	; 0xa2 <__bad_interrupt>
      38:	0c 94 51 00 	jmp	0xa2	; 0xa2 <__bad_interrupt>
      3c:	0c 94 51 00 	jmp	0xa2	; 0xa2 <__bad_interrupt>
      40:	0c 94 51 00 	jmp	0xa2	; 0xa2 <__bad_interrupt>
      44:	0c 94 51 00 	jmp	0xa2	; 0xa2 <__bad_interrupt>
      48:	0c 94 51 00 	jmp	0xa2	; 0xa2 <__bad_interrupt>
      4c:	0c 94 51 00 	jmp	0xa2	; 0xa2 <__bad_interrupt>
      50:	0c 94 51 00 	jmp	0xa2	; 0xa2 <__bad_interrupt>
      54:	0c 94 51 00 	jmp	0xa2	; 0xa2 <__bad_interrupt>
      58:	0c 94 51 00 	jmp	0xa2	; 0xa2 <__bad_interrupt>
      5c:	0c 94 51 00 	jmp	0xa2	; 0xa2 <__bad_interrupt>
      60:	0c 94 51 00 	jmp	0xa2	; 0xa2 <__bad_interrupt>
      64:	0c 94 51 00 	jmp	0xa2	; 0xa2 <__bad_interrupt>

00000068 <__ctors_end>:
      68:	11 24       	eor	r1, r1
      6a:	1f be       	out	0x3f, r1	; 63
      6c:	cf ef       	ldi	r28, 0xFF	; 255
      6e:	d8 e0       	ldi	r29, 0x08	; 8
      70:	de bf       	out	0x3e, r29	; 62
      72:	cd bf       	out	0x3d, r28	; 61

00000074 <__do_copy_data>:
      74:	14 e0       	ldi	r17, 0x04	; 4
      76:	a0 e0       	ldi	r26, 0x00	; 0
      78:	b1 e0       	ldi	r27, 0x01	; 1
      7a:	ec e8       	ldi	r30, 0x8C	; 140
      7c:	f2 e1       	ldi	r31, 0x12	; 18
      7e:	02 c0       	rjmp	.+4      	; 0x84 <__do_copy_data+0x10>
      80:	05 90       	lpm	r0, Z+
      82:	0d 92       	st	X+, r0
      84:	ae 3a       	cpi	r26, 0xAE	; 174
      86:	b1 07       	cpc	r27, r17
      88:	d9 f7       	brne	.-10     	; 0x80 <__do_copy_data+0xc>

0000008a <__do_clear_bss>:
      8a:	24 e0       	ldi	r18, 0x04	; 4
      8c:	ae ea       	ldi	r26, 0xAE	; 174
      8e:	b4 e0       	ldi	r27, 0x04	; 4
      90:	01 c0       	rjmp	.+2      	; 0x94 <.do_clear_bss_start>

00000092 <.do_clear_bss_loop>:
      92:	1d 92       	st	X+, r1

00000094 <.do_clear_bss_start>:
      94:	a9 3b       	cpi	r26, 0xB9	; 185
      96:	b2 07       	cpc	r27, r18
      98:	e1 f7       	brne	.-8      	; 0x92 <.do_clear_bss_loop>
      9a:	0e 94 5a 04 	call	0x8b4	; 0x8b4 <main>
      9e:	0c 94 44 09 	jmp	0x1288	; 0x1288 <_exit>

000000a2 <__bad_interrupt>:
      a2:	0c 94 00 00 	jmp	0	; 0x0 <__vectors>

000000a6 <lcd_pulse_enable>:

	_delay_ms(TIEMPO_MOTOR_MS);

	motor_stop();

	uart_print("MOTOR DC -> DETENIDO\r\n");
      a6:	8b b1       	in	r24, 0x0b	; 11
      a8:	88 60       	ori	r24, 0x08	; 8
      aa:	8b b9       	out	0x0b, r24	; 11
      ac:	85 e0       	ldi	r24, 0x05	; 5
      ae:	8a 95       	dec	r24
      b0:	f1 f7       	brne	.-4      	; 0xae <lcd_pulse_enable+0x8>
      b2:	00 00       	nop
      b4:	8b b1       	in	r24, 0x0b	; 11
      b6:	87 7f       	andi	r24, 0xF7	; 247
      b8:	8b b9       	out	0x0b, r24	; 11
      ba:	8f e8       	ldi	r24, 0x8F	; 143
      bc:	91 e0       	ldi	r25, 0x01	; 1
      be:	01 97       	sbiw	r24, 0x01	; 1
      c0:	f1 f7       	brne	.-4      	; 0xbe <lcd_pulse_enable+0x18>
      c2:	00 c0       	rjmp	.+0      	; 0xc4 <lcd_pulse_enable+0x1e>
      c4:	00 00       	nop
      c6:	08 95       	ret

000000c8 <lcd_write_byte>:
      c8:	66 23       	and	r22, r22
      ca:	21 f0       	breq	.+8      	; 0xd4 <lcd_write_byte+0xc>
      cc:	9b b1       	in	r25, 0x0b	; 11
      ce:	94 60       	ori	r25, 0x04	; 4
      d0:	9b b9       	out	0x0b, r25	; 11
      d2:	03 c0       	rjmp	.+6      	; 0xda <lcd_write_byte+0x12>
      d4:	9b b1       	in	r25, 0x0b	; 11
      d6:	9b 7f       	andi	r25, 0xFB	; 251
      d8:	9b b9       	out	0x0b, r25	; 11
      da:	80 ff       	sbrs	r24, 0
      dc:	04 c0       	rjmp	.+8      	; 0xe6 <lcd_write_byte+0x1e>
      de:	9b b1       	in	r25, 0x0b	; 11
      e0:	90 61       	ori	r25, 0x10	; 16
      e2:	9b b9       	out	0x0b, r25	; 11
      e4:	03 c0       	rjmp	.+6      	; 0xec <lcd_write_byte+0x24>
      e6:	9b b1       	in	r25, 0x0b	; 11
      e8:	9f 7e       	andi	r25, 0xEF	; 239
      ea:	9b b9       	out	0x0b, r25	; 11
      ec:	81 ff       	sbrs	r24, 1
      ee:	04 c0       	rjmp	.+8      	; 0xf8 <lcd_write_byte+0x30>
      f0:	9b b1       	in	r25, 0x0b	; 11
      f2:	90 62       	ori	r25, 0x20	; 32
      f4:	9b b9       	out	0x0b, r25	; 11
      f6:	03 c0       	rjmp	.+6      	; 0xfe <lcd_write_byte+0x36>
      f8:	9b b1       	in	r25, 0x0b	; 11
      fa:	9f 7d       	andi	r25, 0xDF	; 223
      fc:	9b b9       	out	0x0b, r25	; 11
      fe:	82 ff       	sbrs	r24, 2
     100:	04 c0       	rjmp	.+8      	; 0x10a <lcd_write_byte+0x42>
     102:	9b b1       	in	r25, 0x0b	; 11
     104:	90 64       	ori	r25, 0x40	; 64
     106:	9b b9       	out	0x0b, r25	; 11
     108:	03 c0       	rjmp	.+6      	; 0x110 <lcd_write_byte+0x48>
     10a:	9b b1       	in	r25, 0x0b	; 11
     10c:	9f 7b       	andi	r25, 0xBF	; 191
     10e:	9b b9       	out	0x0b, r25	; 11
     110:	83 ff       	sbrs	r24, 3
     112:	04 c0       	rjmp	.+8      	; 0x11c <lcd_write_byte+0x54>
     114:	9b b1       	in	r25, 0x0b	; 11
     116:	90 68       	ori	r25, 0x80	; 128
     118:	9b b9       	out	0x0b, r25	; 11
     11a:	03 c0       	rjmp	.+6      	; 0x122 <lcd_write_byte+0x5a>
     11c:	9b b1       	in	r25, 0x0b	; 11
     11e:	9f 77       	andi	r25, 0x7F	; 127
     120:	9b b9       	out	0x0b, r25	; 11
     122:	84 ff       	sbrs	r24, 4
     124:	04 c0       	rjmp	.+8      	; 0x12e <lcd_write_byte+0x66>
     126:	95 b1       	in	r25, 0x05	; 5
     128:	91 60       	ori	r25, 0x01	; 1
     12a:	95 b9       	out	0x05, r25	; 5
     12c:	03 c0       	rjmp	.+6      	; 0x134 <lcd_write_byte+0x6c>
     12e:	95 b1       	in	r25, 0x05	; 5
     130:	9e 7f       	andi	r25, 0xFE	; 254
     132:	95 b9       	out	0x05, r25	; 5
     134:	85 ff       	sbrs	r24, 5
     136:	04 c0       	rjmp	.+8      	; 0x140 <lcd_write_byte+0x78>
     138:	95 b1       	in	r25, 0x05	; 5
     13a:	92 60       	ori	r25, 0x02	; 2
     13c:	95 b9       	out	0x05, r25	; 5
     13e:	03 c0       	rjmp	.+6      	; 0x146 <lcd_write_byte+0x7e>
     140:	95 b1       	in	r25, 0x05	; 5
     142:	9d 7f       	andi	r25, 0xFD	; 253
     144:	95 b9       	out	0x05, r25	; 5
     146:	86 ff       	sbrs	r24, 6
     148:	04 c0       	rjmp	.+8      	; 0x152 <lcd_write_byte+0x8a>
     14a:	95 b1       	in	r25, 0x05	; 5
     14c:	94 60       	ori	r25, 0x04	; 4
     14e:	95 b9       	out	0x05, r25	; 5
     150:	03 c0       	rjmp	.+6      	; 0x158 <lcd_write_byte+0x90>
     152:	95 b1       	in	r25, 0x05	; 5
     154:	9b 7f       	andi	r25, 0xFB	; 251
     156:	95 b9       	out	0x05, r25	; 5
     158:	88 23       	and	r24, r24
     15a:	24 f4       	brge	.+8      	; 0x164 <lcd_write_byte+0x9c>
     15c:	85 b1       	in	r24, 0x05	; 5
     15e:	88 60       	ori	r24, 0x08	; 8
     160:	85 b9       	out	0x05, r24	; 5
     162:	03 c0       	rjmp	.+6      	; 0x16a <lcd_write_byte+0xa2>
     164:	85 b1       	in	r24, 0x05	; 5
     166:	87 7f       	andi	r24, 0xF7	; 247
     168:	85 b9       	out	0x05, r24	; 5
     16a:	0e 94 53 00 	call	0xa6	; 0xa6 <lcd_pulse_enable>
     16e:	08 95       	ret

00000170 <lcd_command>:
     170:	cf 93       	push	r28
     172:	c8 2f       	mov	r28, r24
     174:	60 e0       	ldi	r22, 0x00	; 0
     176:	0e 94 64 00 	call	0xc8	; 0xc8 <lcd_write_byte>
     17a:	c1 50       	subi	r28, 0x01	; 1
     17c:	c2 30       	cpi	r28, 0x02	; 2
     17e:	38 f4       	brcc	.+14     	; 0x18e <lcd_command+0x1e>
     180:	8f e3       	ldi	r24, 0x3F	; 63
     182:	9f e1       	ldi	r25, 0x1F	; 31
     184:	01 97       	sbiw	r24, 0x01	; 1
     186:	f1 f7       	brne	.-4      	; 0x184 <lcd_command+0x14>
     188:	00 c0       	rjmp	.+0      	; 0x18a <lcd_command+0x1a>
     18a:	00 00       	nop
     18c:	06 c0       	rjmp	.+12     	; 0x19a <lcd_command+0x2a>
     18e:	87 ec       	ldi	r24, 0xC7	; 199
     190:	90 e0       	ldi	r25, 0x00	; 0
     192:	01 97       	sbiw	r24, 0x01	; 1
     194:	f1 f7       	brne	.-4      	; 0x192 <lcd_command+0x22>
     196:	00 c0       	rjmp	.+0      	; 0x198 <lcd_command+0x28>
     198:	00 00       	nop
     19a:	cf 91       	pop	r28
     19c:	08 95       	ret

0000019e <lcd_data>:
     19e:	61 e0       	ldi	r22, 0x01	; 1
     1a0:	0e 94 64 00 	call	0xc8	; 0xc8 <lcd_write_byte>
     1a4:	87 ec       	ldi	r24, 0xC7	; 199
     1a6:	90 e0       	ldi	r25, 0x00	; 0
     1a8:	01 97       	sbiw	r24, 0x01	; 1
     1aa:	f1 f7       	brne	.-4      	; 0x1a8 <lcd_data+0xa>
     1ac:	00 c0       	rjmp	.+0      	; 0x1ae <lcd_data+0x10>
     1ae:	00 00       	nop
     1b0:	08 95       	ret

000001b2 <lcd_clear>:
     1b2:	81 e0       	ldi	r24, 0x01	; 1
     1b4:	0e 94 b8 00 	call	0x170	; 0x170 <lcd_command>
     1b8:	08 95       	ret

000001ba <lcd_gotoxy>:
     1ba:	61 11       	cpse	r22, r1
     1bc:	80 5c       	subi	r24, 0xC0	; 192
     1be:	80 68       	ori	r24, 0x80	; 128
     1c0:	0e 94 b8 00 	call	0x170	; 0x170 <lcd_command>
     1c4:	08 95       	ret

000001c6 <lcd_print>:
     1c6:	cf 93       	push	r28
     1c8:	df 93       	push	r29
     1ca:	ec 01       	movw	r28, r24
     1cc:	03 c0       	rjmp	.+6      	; 0x1d4 <lcd_print+0xe>
     1ce:	0e 94 cf 00 	call	0x19e	; 0x19e <lcd_data>
     1d2:	21 96       	adiw	r28, 0x01	; 1
     1d4:	88 81       	ld	r24, Y
     1d6:	81 11       	cpse	r24, r1
     1d8:	fa cf       	rjmp	.-12     	; 0x1ce <lcd_print+0x8>
     1da:	df 91       	pop	r29
     1dc:	cf 91       	pop	r28
     1de:	08 95       	ret

000001e0 <lcd_init>:
     1e0:	8a b1       	in	r24, 0x0a	; 10
     1e2:	84 60       	ori	r24, 0x04	; 4
     1e4:	8a b9       	out	0x0a, r24	; 10
     1e6:	8a b1       	in	r24, 0x0a	; 10
     1e8:	88 60       	ori	r24, 0x08	; 8
     1ea:	8a b9       	out	0x0a, r24	; 10
     1ec:	8a b1       	in	r24, 0x0a	; 10
     1ee:	80 61       	ori	r24, 0x10	; 16
     1f0:	8a b9       	out	0x0a, r24	; 10
     1f2:	8a b1       	in	r24, 0x0a	; 10
     1f4:	80 62       	ori	r24, 0x20	; 32
     1f6:	8a b9       	out	0x0a, r24	; 10
     1f8:	8a b1       	in	r24, 0x0a	; 10
     1fa:	80 64       	ori	r24, 0x40	; 64
     1fc:	8a b9       	out	0x0a, r24	; 10
     1fe:	8a b1       	in	r24, 0x0a	; 10
     200:	80 68       	ori	r24, 0x80	; 128
     202:	8a b9       	out	0x0a, r24	; 10
     204:	84 b1       	in	r24, 0x04	; 4
     206:	81 60       	ori	r24, 0x01	; 1
     208:	84 b9       	out	0x04, r24	; 4
     20a:	84 b1       	in	r24, 0x04	; 4
     20c:	82 60       	ori	r24, 0x02	; 2
     20e:	84 b9       	out	0x04, r24	; 4
     210:	84 b1       	in	r24, 0x04	; 4
     212:	84 60       	ori	r24, 0x04	; 4
     214:	84 b9       	out	0x04, r24	; 4
     216:	84 b1       	in	r24, 0x04	; 4
     218:	88 60       	ori	r24, 0x08	; 8
     21a:	84 b9       	out	0x04, r24	; 4
     21c:	8b b1       	in	r24, 0x0b	; 11
     21e:	87 7f       	andi	r24, 0xF7	; 247
     220:	8b b9       	out	0x0b, r24	; 11
     222:	2f ef       	ldi	r18, 0xFF	; 255
     224:	89 ef       	ldi	r24, 0xF9	; 249
     226:	90 e0       	ldi	r25, 0x00	; 0
     228:	21 50       	subi	r18, 0x01	; 1
     22a:	80 40       	sbci	r24, 0x00	; 0
     22c:	90 40       	sbci	r25, 0x00	; 0
     22e:	e1 f7       	brne	.-8      	; 0x228 <lcd_init+0x48>
     230:	00 c0       	rjmp	.+0      	; 0x232 <lcd_init+0x52>
     232:	00 00       	nop
     234:	60 e0       	ldi	r22, 0x00	; 0
     236:	80 e3       	ldi	r24, 0x30	; 48
     238:	0e 94 64 00 	call	0xc8	; 0xc8 <lcd_write_byte>
     23c:	8f e1       	ldi	r24, 0x1F	; 31
     23e:	9e e4       	ldi	r25, 0x4E	; 78
     240:	01 97       	sbiw	r24, 0x01	; 1
     242:	f1 f7       	brne	.-4      	; 0x240 <lcd_init+0x60>
     244:	00 c0       	rjmp	.+0      	; 0x246 <lcd_init+0x66>
     246:	00 00       	nop
     248:	60 e0       	ldi	r22, 0x00	; 0
     24a:	80 e3       	ldi	r24, 0x30	; 48
     24c:	0e 94 64 00 	call	0xc8	; 0xc8 <lcd_write_byte>
     250:	87 e5       	ldi	r24, 0x57	; 87
     252:	92 e0       	ldi	r25, 0x02	; 2
     254:	01 97       	sbiw	r24, 0x01	; 1
     256:	f1 f7       	brne	.-4      	; 0x254 <lcd_init+0x74>
     258:	00 c0       	rjmp	.+0      	; 0x25a <lcd_init+0x7a>
     25a:	00 00       	nop
     25c:	60 e0       	ldi	r22, 0x00	; 0
     25e:	80 e3       	ldi	r24, 0x30	; 48
     260:	0e 94 64 00 	call	0xc8	; 0xc8 <lcd_write_byte>
     264:	87 e5       	ldi	r24, 0x57	; 87
     266:	92 e0       	ldi	r25, 0x02	; 2
     268:	01 97       	sbiw	r24, 0x01	; 1
     26a:	f1 f7       	brne	.-4      	; 0x268 <lcd_init+0x88>
     26c:	00 c0       	rjmp	.+0      	; 0x26e <lcd_init+0x8e>
     26e:	00 00       	nop
     270:	88 e3       	ldi	r24, 0x38	; 56
     272:	0e 94 b8 00 	call	0x170	; 0x170 <lcd_command>
     276:	8c e0       	ldi	r24, 0x0C	; 12
     278:	0e 94 b8 00 	call	0x170	; 0x170 <lcd_command>
     27c:	81 e0       	ldi	r24, 0x01	; 1
     27e:	0e 94 b8 00 	call	0x170	; 0x170 <lcd_command>
     282:	86 e0       	ldi	r24, 0x06	; 6
     284:	0e 94 b8 00 	call	0x170	; 0x170 <lcd_command>
     288:	08 95       	ret

0000028a <lcd_espacios>:
     28a:	cf 93       	push	r28
     28c:	df 93       	push	r29
     28e:	d8 2f       	mov	r29, r24
     290:	c0 e0       	ldi	r28, 0x00	; 0
     292:	04 c0       	rjmp	.+8      	; 0x29c <lcd_espacios+0x12>
     294:	80 e2       	ldi	r24, 0x20	; 32
     296:	0e 94 cf 00 	call	0x19e	; 0x19e <lcd_data>
     29a:	cf 5f       	subi	r28, 0xFF	; 255
     29c:	cd 17       	cp	r28, r29
     29e:	d0 f3       	brcs	.-12     	; 0x294 <lcd_espacios+0xa>
     2a0:	df 91       	pop	r29
     2a2:	cf 91       	pop	r28
     2a4:	08 95       	ret

000002a6 <uart_init>:
     2a6:	9c 01       	movw	r18, r24
     2a8:	40 e0       	ldi	r20, 0x00	; 0
     2aa:	50 e0       	ldi	r21, 0x00	; 0
     2ac:	60 e4       	ldi	r22, 0x40	; 64
     2ae:	72 e4       	ldi	r23, 0x42	; 66
     2b0:	8f e0       	ldi	r24, 0x0F	; 15
     2b2:	90 e0       	ldi	r25, 0x00	; 0
     2b4:	0e 94 03 06 	call	0xc06	; 0xc06 <__udivmodsi4>
     2b8:	21 50       	subi	r18, 0x01	; 1
     2ba:	31 09       	sbc	r19, r1
     2bc:	30 93 c5 00 	sts	0x00C5, r19	; 0x8000c5 <__TEXT_REGION_LENGTH__+0x7f80c5>
     2c0:	20 93 c4 00 	sts	0x00C4, r18	; 0x8000c4 <__TEXT_REGION_LENGTH__+0x7f80c4>
     2c4:	88 e1       	ldi	r24, 0x18	; 24
     2c6:	80 93 c1 00 	sts	0x00C1, r24	; 0x8000c1 <__TEXT_REGION_LENGTH__+0x7f80c1>
     2ca:	86 e0       	ldi	r24, 0x06	; 6
     2cc:	80 93 c2 00 	sts	0x00C2, r24	; 0x8000c2 <__TEXT_REGION_LENGTH__+0x7f80c2>
     2d0:	08 95       	ret

000002d2 <uart_putc>:
     2d2:	90 91 c0 00 	lds	r25, 0x00C0	; 0x8000c0 <__TEXT_REGION_LENGTH__+0x7f80c0>
     2d6:	95 ff       	sbrs	r25, 5
     2d8:	fc cf       	rjmp	.-8      	; 0x2d2 <uart_putc>
     2da:	80 93 c6 00 	sts	0x00C6, r24	; 0x8000c6 <__TEXT_REGION_LENGTH__+0x7f80c6>
     2de:	08 95       	ret

000002e0 <uart_print>:
     2e0:	cf 93       	push	r28
     2e2:	df 93       	push	r29
     2e4:	ec 01       	movw	r28, r24
     2e6:	03 c0       	rjmp	.+6      	; 0x2ee <uart_print+0xe>
     2e8:	21 96       	adiw	r28, 0x01	; 1
     2ea:	0e 94 69 01 	call	0x2d2	; 0x2d2 <uart_putc>
     2ee:	88 81       	ld	r24, Y
     2f0:	81 11       	cpse	r24, r1
     2f2:	fa cf       	rjmp	.-12     	; 0x2e8 <uart_print+0x8>
     2f4:	df 91       	pop	r29
     2f6:	cf 91       	pop	r28
     2f8:	08 95       	ret

000002fa <uart_print_num>:
     2fa:	cf 93       	push	r28
     2fc:	df 93       	push	r29
     2fe:	cd b7       	in	r28, 0x3d	; 61
     300:	de b7       	in	r29, 0x3e	; 62
     302:	2a 97       	sbiw	r28, 0x0a	; 10
     304:	0f b6       	in	r0, 0x3f	; 63
     306:	f8 94       	cli
     308:	de bf       	out	0x3e, r29	; 62
     30a:	0f be       	out	0x3f, r0	; 63
     30c:	cd bf       	out	0x3d, r28	; 61
     30e:	4a e0       	ldi	r20, 0x0A	; 10
     310:	be 01       	movw	r22, r28
     312:	6f 5f       	subi	r22, 0xFF	; 255
     314:	7f 4f       	sbci	r23, 0xFF	; 255
     316:	0e 94 25 06 	call	0xc4a	; 0xc4a <__itoa_ncheck>
     31a:	ce 01       	movw	r24, r28
     31c:	01 96       	adiw	r24, 0x01	; 1
     31e:	0e 94 70 01 	call	0x2e0	; 0x2e0 <uart_print>
     322:	2a 96       	adiw	r28, 0x0a	; 10
     324:	0f b6       	in	r0, 0x3f	; 63
     326:	f8 94       	cli
     328:	de bf       	out	0x3e, r29	; 62
     32a:	0f be       	out	0x3f, r0	; 63
     32c:	cd bf       	out	0x3d, r28	; 61
     32e:	df 91       	pop	r29
     330:	cf 91       	pop	r28
     332:	08 95       	ret

00000334 <twi_init>:
     334:	10 92 b9 00 	sts	0x00B9, r1	; 0x8000b9 <__TEXT_REGION_LENGTH__+0x7f80b9>
     338:	88 e4       	ldi	r24, 0x48	; 72
     33a:	80 93 b8 00 	sts	0x00B8, r24	; 0x8000b8 <__TEXT_REGION_LENGTH__+0x7f80b8>
     33e:	84 e0       	ldi	r24, 0x04	; 4
     340:	80 93 bc 00 	sts	0x00BC, r24	; 0x8000bc <__TEXT_REGION_LENGTH__+0x7f80bc>
     344:	08 95       	ret

00000346 <twi_start>:
     346:	84 ea       	ldi	r24, 0xA4	; 164
     348:	80 93 bc 00 	sts	0x00BC, r24	; 0x8000bc <__TEXT_REGION_LENGTH__+0x7f80bc>
     34c:	80 91 bc 00 	lds	r24, 0x00BC	; 0x8000bc <__TEXT_REGION_LENGTH__+0x7f80bc>
     350:	88 23       	and	r24, r24
     352:	e4 f7       	brge	.-8      	; 0x34c <twi_start+0x6>
     354:	80 91 b9 00 	lds	r24, 0x00B9	; 0x8000b9 <__TEXT_REGION_LENGTH__+0x7f80b9>
     358:	88 7f       	andi	r24, 0xF8	; 248
     35a:	08 95       	ret

0000035c <twi_stop>:
     35c:	84 e9       	ldi	r24, 0x94	; 148
     35e:	80 93 bc 00 	sts	0x00BC, r24	; 0x8000bc <__TEXT_REGION_LENGTH__+0x7f80bc>
     362:	8f e8       	ldi	r24, 0x8F	; 143
     364:	91 e0       	ldi	r25, 0x01	; 1
     366:	01 97       	sbiw	r24, 0x01	; 1
     368:	f1 f7       	brne	.-4      	; 0x366 <twi_stop+0xa>
     36a:	00 c0       	rjmp	.+0      	; 0x36c <twi_stop+0x10>
     36c:	00 00       	nop
     36e:	08 95       	ret

00000370 <twi_status>:
     370:	80 91 b9 00 	lds	r24, 0x00B9	; 0x8000b9 <__TEXT_REGION_LENGTH__+0x7f80b9>
     374:	88 7f       	andi	r24, 0xF8	; 248
     376:	08 95       	ret

00000378 <twi_write>:
     378:	80 93 bb 00 	sts	0x00BB, r24	; 0x8000bb <__TEXT_REGION_LENGTH__+0x7f80bb>
     37c:	84 e8       	ldi	r24, 0x84	; 132
     37e:	80 93 bc 00 	sts	0x00BC, r24	; 0x8000bc <__TEXT_REGION_LENGTH__+0x7f80bc>
     382:	80 91 bc 00 	lds	r24, 0x00BC	; 0x8000bc <__TEXT_REGION_LENGTH__+0x7f80bc>
     386:	88 23       	and	r24, r24
     388:	e4 f7       	brge	.-8      	; 0x382 <twi_write+0xa>
     38a:	80 91 b9 00 	lds	r24, 0x00B9	; 0x8000b9 <__TEXT_REGION_LENGTH__+0x7f80b9>
     38e:	88 7f       	andi	r24, 0xF8	; 248
     390:	08 95       	ret

00000392 <twi_read_ack>:
     392:	84 ec       	ldi	r24, 0xC4	; 196
     394:	80 93 bc 00 	sts	0x00BC, r24	; 0x8000bc <__TEXT_REGION_LENGTH__+0x7f80bc>
     398:	80 91 bc 00 	lds	r24, 0x00BC	; 0x8000bc <__TEXT_REGION_LENGTH__+0x7f80bc>
     39c:	88 23       	and	r24, r24
     39e:	e4 f7       	brge	.-8      	; 0x398 <twi_read_ack+0x6>
     3a0:	80 91 bb 00 	lds	r24, 0x00BB	; 0x8000bb <__TEXT_REGION_LENGTH__+0x7f80bb>
     3a4:	08 95       	ret

000003a6 <twi_read_nack>:
     3a6:	84 e8       	ldi	r24, 0x84	; 132
     3a8:	80 93 bc 00 	sts	0x00BC, r24	; 0x8000bc <__TEXT_REGION_LENGTH__+0x7f80bc>
     3ac:	80 91 bc 00 	lds	r24, 0x00BC	; 0x8000bc <__TEXT_REGION_LENGTH__+0x7f80bc>
     3b0:	88 23       	and	r24, r24
     3b2:	e4 f7       	brge	.-8      	; 0x3ac <twi_read_nack+0x6>
     3b4:	80 91 bb 00 	lds	r24, 0x00BB	; 0x8000bb <__TEXT_REGION_LENGTH__+0x7f80bb>
     3b8:	08 95       	ret

000003ba <leer_esclavo1>:
     3ba:	ef 92       	push	r14
     3bc:	ff 92       	push	r15
     3be:	0f 93       	push	r16
     3c0:	1f 93       	push	r17
     3c2:	cf 93       	push	r28
     3c4:	df 93       	push	r29
     3c6:	8c 01       	movw	r16, r24
     3c8:	eb 01       	movw	r28, r22
     3ca:	0e 94 a3 01 	call	0x346	; 0x346 <twi_start>
     3ce:	88 30       	cpi	r24, 0x08	; 8
     3d0:	f1 f4       	brne	.+60     	; 0x40e <__EEPROM_REGION_LENGTH__+0xe>
     3d2:	81 e1       	ldi	r24, 0x11	; 17
     3d4:	0e 94 bc 01 	call	0x378	; 0x378 <twi_write>
     3d8:	80 34       	cpi	r24, 0x40	; 64
     3da:	21 f0       	breq	.+8      	; 0x3e4 <leer_esclavo1+0x2a>
     3dc:	0e 94 ae 01 	call	0x35c	; 0x35c <twi_stop>
     3e0:	80 e0       	ldi	r24, 0x00	; 0
     3e2:	16 c0       	rjmp	.+44     	; 0x410 <__EEPROM_REGION_LENGTH__+0x10>
     3e4:	0e 94 c9 01 	call	0x392	; 0x392 <twi_read_ack>
     3e8:	e8 2e       	mov	r14, r24
     3ea:	0e 94 c9 01 	call	0x392	; 0x392 <twi_read_ack>
     3ee:	f8 2e       	mov	r15, r24
     3f0:	0e 94 d3 01 	call	0x3a6	; 0x3a6 <twi_read_nack>
     3f4:	2f 2d       	mov	r18, r15
     3f6:	30 e0       	ldi	r19, 0x00	; 0
     3f8:	32 2f       	mov	r19, r18
     3fa:	22 27       	eor	r18, r18
     3fc:	2e 29       	or	r18, r14
     3fe:	f8 01       	movw	r30, r16
     400:	31 83       	std	Z+1, r19	; 0x01
     402:	20 83       	st	Z, r18
     404:	88 83       	st	Y, r24
     406:	0e 94 ae 01 	call	0x35c	; 0x35c <twi_stop>
     40a:	81 e0       	ldi	r24, 0x01	; 1
     40c:	01 c0       	rjmp	.+2      	; 0x410 <__EEPROM_REGION_LENGTH__+0x10>
     40e:	80 e0       	ldi	r24, 0x00	; 0
     410:	df 91       	pop	r29
     412:	cf 91       	pop	r28
     414:	1f 91       	pop	r17
     416:	0f 91       	pop	r16
     418:	ff 90       	pop	r15
     41a:	ef 90       	pop	r14
     41c:	08 95       	ret

0000041e <leer_esclavo2>:
     41e:	ff 92       	push	r15
     420:	0f 93       	push	r16
     422:	1f 93       	push	r17
     424:	cf 93       	push	r28
     426:	df 93       	push	r29
     428:	8c 01       	movw	r16, r24
     42a:	eb 01       	movw	r28, r22
     42c:	0e 94 a3 01 	call	0x346	; 0x346 <twi_start>
     430:	88 30       	cpi	r24, 0x08	; 8
     432:	a9 f4       	brne	.+42     	; 0x45e <leer_esclavo2+0x40>
     434:	83 e1       	ldi	r24, 0x13	; 19
     436:	0e 94 bc 01 	call	0x378	; 0x378 <twi_write>
     43a:	80 34       	cpi	r24, 0x40	; 64
     43c:	21 f0       	breq	.+8      	; 0x446 <leer_esclavo2+0x28>
     43e:	0e 94 ae 01 	call	0x35c	; 0x35c <twi_stop>
     442:	80 e0       	ldi	r24, 0x00	; 0
     444:	0d c0       	rjmp	.+26     	; 0x460 <leer_esclavo2+0x42>
     446:	0e 94 c9 01 	call	0x392	; 0x392 <twi_read_ack>
     44a:	f8 2e       	mov	r15, r24
     44c:	0e 94 d3 01 	call	0x3a6	; 0x3a6 <twi_read_nack>
     450:	f8 01       	movw	r30, r16
     452:	f0 82       	st	Z, r15
     454:	88 83       	st	Y, r24
     456:	0e 94 ae 01 	call	0x35c	; 0x35c <twi_stop>
     45a:	81 e0       	ldi	r24, 0x01	; 1
     45c:	01 c0       	rjmp	.+2      	; 0x460 <leer_esclavo2+0x42>
     45e:	80 e0       	ldi	r24, 0x00	; 0
     460:	df 91       	pop	r29
     462:	cf 91       	pop	r28
     464:	1f 91       	pop	r17
     466:	0f 91       	pop	r16
     468:	ff 90       	pop	r15
     46a:	08 95       	ret

0000046c <lm75_read_temperature_x2>:
     46c:	cf 93       	push	r28
     46e:	df 93       	push	r29
     470:	0e 94 a3 01 	call	0x346	; 0x346 <twi_start>
     474:	0e 94 b8 01 	call	0x370	; 0x370 <twi_status>
     478:	88 30       	cpi	r24, 0x08	; 8
     47a:	69 f0       	breq	.+26     	; 0x496 <lm75_read_temperature_x2+0x2a>
     47c:	0e 94 b8 01 	call	0x370	; 0x370 <twi_status>
     480:	80 31       	cpi	r24, 0x10	; 16
     482:	49 f0       	breq	.+18     	; 0x496 <lm75_read_temperature_x2+0x2a>
     484:	0e 94 ae 01 	call	0x35c	; 0x35c <twi_stop>
     488:	80 e0       	ldi	r24, 0x00	; 0
     48a:	91 e0       	ldi	r25, 0x01	; 1
     48c:	0e 94 70 01 	call	0x2e0	; 0x2e0 <uart_print>
     490:	89 e1       	ldi	r24, 0x19	; 25
     492:	9c ef       	ldi	r25, 0xFC	; 252
     494:	4d c0       	rjmp	.+154    	; 0x530 <lm75_read_temperature_x2+0xc4>
     496:	80 e9       	ldi	r24, 0x90	; 144
     498:	0e 94 bc 01 	call	0x378	; 0x378 <twi_write>
     49c:	0e 94 b8 01 	call	0x370	; 0x370 <twi_status>
     4a0:	88 31       	cpi	r24, 0x18	; 24
     4a2:	49 f0       	breq	.+18     	; 0x4b6 <lm75_read_temperature_x2+0x4a>
     4a4:	0e 94 ae 01 	call	0x35c	; 0x35c <twi_stop>
     4a8:	84 e1       	ldi	r24, 0x14	; 20
     4aa:	91 e0       	ldi	r25, 0x01	; 1
     4ac:	0e 94 70 01 	call	0x2e0	; 0x2e0 <uart_print>
     4b0:	89 e1       	ldi	r24, 0x19	; 25
     4b2:	9c ef       	ldi	r25, 0xFC	; 252
     4b4:	3d c0       	rjmp	.+122    	; 0x530 <lm75_read_temperature_x2+0xc4>
     4b6:	80 e0       	ldi	r24, 0x00	; 0
     4b8:	0e 94 bc 01 	call	0x378	; 0x378 <twi_write>
     4bc:	0e 94 b8 01 	call	0x370	; 0x370 <twi_status>
     4c0:	88 32       	cpi	r24, 0x28	; 40
     4c2:	49 f0       	breq	.+18     	; 0x4d6 <lm75_read_temperature_x2+0x6a>
     4c4:	0e 94 ae 01 	call	0x35c	; 0x35c <twi_stop>
     4c8:	88 e2       	ldi	r24, 0x28	; 40
     4ca:	91 e0       	ldi	r25, 0x01	; 1
     4cc:	0e 94 70 01 	call	0x2e0	; 0x2e0 <uart_print>
     4d0:	89 e1       	ldi	r24, 0x19	; 25
     4d2:	9c ef       	ldi	r25, 0xFC	; 252
     4d4:	2d c0       	rjmp	.+90     	; 0x530 <lm75_read_temperature_x2+0xc4>
     4d6:	0e 94 a3 01 	call	0x346	; 0x346 <twi_start>
     4da:	0e 94 b8 01 	call	0x370	; 0x370 <twi_status>
     4de:	80 31       	cpi	r24, 0x10	; 16
     4e0:	49 f0       	breq	.+18     	; 0x4f4 <lm75_read_temperature_x2+0x88>
     4e2:	0e 94 ae 01 	call	0x35c	; 0x35c <twi_stop>
     4e6:	8f e3       	ldi	r24, 0x3F	; 63
     4e8:	91 e0       	ldi	r25, 0x01	; 1
     4ea:	0e 94 70 01 	call	0x2e0	; 0x2e0 <uart_print>
     4ee:	89 e1       	ldi	r24, 0x19	; 25
     4f0:	9c ef       	ldi	r25, 0xFC	; 252
     4f2:	1e c0       	rjmp	.+60     	; 0x530 <lm75_read_temperature_x2+0xc4>
     4f4:	81 e9       	ldi	r24, 0x91	; 145
     4f6:	0e 94 bc 01 	call	0x378	; 0x378 <twi_write>
     4fa:	0e 94 b8 01 	call	0x370	; 0x370 <twi_status>
     4fe:	80 34       	cpi	r24, 0x40	; 64
     500:	49 f0       	breq	.+18     	; 0x514 <lm75_read_temperature_x2+0xa8>
     502:	0e 94 ae 01 	call	0x35c	; 0x35c <twi_stop>
     506:	85 e5       	ldi	r24, 0x55	; 85
     508:	91 e0       	ldi	r25, 0x01	; 1
     50a:	0e 94 70 01 	call	0x2e0	; 0x2e0 <uart_print>
     50e:	89 e1       	ldi	r24, 0x19	; 25
     510:	9c ef       	ldi	r25, 0xFC	; 252
     512:	0e c0       	rjmp	.+28     	; 0x530 <lm75_read_temperature_x2+0xc4>
     514:	0e 94 c9 01 	call	0x392	; 0x392 <twi_read_ack>
     518:	c8 2f       	mov	r28, r24
     51a:	0e 94 d3 01 	call	0x3a6	; 0x3a6 <twi_read_nack>
     51e:	d8 2f       	mov	r29, r24
     520:	0e 94 ae 01 	call	0x35c	; 0x35c <twi_stop>
     524:	8c 2f       	mov	r24, r28
     526:	88 0f       	add	r24, r24
     528:	99 0b       	sbc	r25, r25
     52a:	dd 23       	and	r29, r29
     52c:	0c f4       	brge	.+2      	; 0x530 <lm75_read_temperature_x2+0xc4>
     52e:	01 96       	adiw	r24, 0x01	; 1
     530:	df 91       	pop	r29
     532:	cf 91       	pop	r28
     534:	08 95       	ret

00000536 <motor_stop>:
     536:	88 b1       	in	r24, 0x08	; 8
     538:	8d 7f       	andi	r24, 0xFD	; 253
     53a:	88 b9       	out	0x08, r24	; 8
     53c:	88 b1       	in	r24, 0x08	; 8
     53e:	8b 7f       	andi	r24, 0xFB	; 251
     540:	88 b9       	out	0x08, r24	; 8
     542:	08 95       	ret

00000544 <motor_avanzar>:
     544:	88 b1       	in	r24, 0x08	; 8
     546:	82 60       	ori	r24, 0x02	; 2
     548:	88 b9       	out	0x08, r24	; 8
     54a:	88 b1       	in	r24, 0x08	; 8
     54c:	8b 7f       	andi	r24, 0xFB	; 251
     54e:	88 b9       	out	0x08, r24	; 8
     550:	08 95       	ret

00000552 <motor_retroceder>:
     552:	88 b1       	in	r24, 0x08	; 8
     554:	8d 7f       	andi	r24, 0xFD	; 253
     556:	88 b9       	out	0x08, r24	; 8
     558:	88 b1       	in	r24, 0x08	; 8
     55a:	84 60       	ori	r24, 0x04	; 4
     55c:	88 b9       	out	0x08, r24	; 8
     55e:	08 95       	ret

00000560 <lcd_pantalla_temperatura>:
// ============================================================

void lcd_pantalla_temperatura(int16_t temperatura_x2,
uint8_t temperatura_ok,
uint8_t motor_posicion)
{
     560:	ef 92       	push	r14
     562:	ff 92       	push	r15
     564:	0f 93       	push	r16
     566:	1f 93       	push	r17
     568:	cf 93       	push	r28
     56a:	df 93       	push	r29
     56c:	cd b7       	in	r28, 0x3d	; 61
     56e:	de b7       	in	r29, 0x3e	; 62
     570:	61 97       	sbiw	r28, 0x11	; 17
     572:	0f b6       	in	r0, 0x3f	; 63
     574:	f8 94       	cli
     576:	de bf       	out	0x3e, r29	; 62
     578:	0f be       	out	0x3f, r0	; 63
     57a:	cd bf       	out	0x3d, r28	; 61
     57c:	8c 01       	movw	r16, r24
     57e:	f6 2e       	mov	r15, r22
     580:	e4 2e       	mov	r14, r20

	// --------------------------------------------------------
	// FILA 0
	// --------------------------------------------------------

	lcd_gotoxy(0, 0);
     582:	60 e0       	ldi	r22, 0x00	; 0
     584:	80 e0       	ldi	r24, 0x00	; 0
     586:	0e 94 dd 00 	call	0x1ba	; 0x1ba <lcd_gotoxy>

	if (temperatura_ok)
     58a:	ff 20       	and	r15, r15
     58c:	09 f4       	brne	.+2      	; 0x590 <lcd_pantalla_temperatura+0x30>
     58e:	69 c0       	rjmp	.+210    	; 0x662 <lcd_pantalla_temperatura+0x102>
	{
		// Temperatura positiva
		if (temperatura_x2 >= 0)
     590:	11 23       	and	r17, r17
     592:	84 f1       	brlt	.+96     	; 0x5f4 <lcd_pantalla_temperatura+0x94>
		{
			uint8_t entero = temperatura_x2 / 2;
     594:	c8 01       	movw	r24, r16
     596:	11 23       	and	r17, r17
     598:	0c f4       	brge	.+2      	; 0x59c <lcd_pantalla_temperatura+0x3c>
     59a:	01 96       	adiw	r24, 0x01	; 1
     59c:	95 95       	asr	r25
     59e:	87 95       	ror	r24

			if (temperatura_x2 % 2)
     5a0:	00 ff       	sbrs	r16, 0
     5a2:	14 c0       	rjmp	.+40     	; 0x5cc <lcd_pantalla_temperatura+0x6c>
			{
				// Ejemplo: T:30.5C
				sprintf(buffer, "T:%u.5C", entero);
     5a4:	99 27       	eor	r25, r25
     5a6:	9f 93       	push	r25
     5a8:	8f 93       	push	r24
     5aa:	8a ec       	ldi	r24, 0xCA	; 202
     5ac:	91 e0       	ldi	r25, 0x01	; 1
     5ae:	9f 93       	push	r25
     5b0:	8f 93       	push	r24
     5b2:	ce 01       	movw	r24, r28
     5b4:	01 96       	adiw	r24, 0x01	; 1
     5b6:	9f 93       	push	r25
     5b8:	8f 93       	push	r24
     5ba:	0e 94 4a 06 	call	0xc94	; 0xc94 <sprintf>
     5be:	0f 90       	pop	r0
     5c0:	0f 90       	pop	r0
     5c2:	0f 90       	pop	r0
     5c4:	0f 90       	pop	r0
     5c6:	0f 90       	pop	r0
     5c8:	0f 90       	pop	r0
     5ca:	46 c0       	rjmp	.+140    	; 0x658 <lcd_pantalla_temperatura+0xf8>
			}
			else
			{
				// Ejemplo: T:30.0C
				sprintf(buffer, "T:%u.0C", entero);
     5cc:	99 27       	eor	r25, r25
     5ce:	9f 93       	push	r25
     5d0:	8f 93       	push	r24
     5d2:	82 ed       	ldi	r24, 0xD2	; 210
     5d4:	91 e0       	ldi	r25, 0x01	; 1
     5d6:	9f 93       	push	r25
     5d8:	8f 93       	push	r24
     5da:	ce 01       	movw	r24, r28
     5dc:	01 96       	adiw	r24, 0x01	; 1
     5de:	9f 93       	push	r25
     5e0:	8f 93       	push	r24
     5e2:	0e 94 4a 06 	call	0xc94	; 0xc94 <sprintf>
     5e6:	0f 90       	pop	r0
     5e8:	0f 90       	pop	r0
     5ea:	0f 90       	pop	r0
     5ec:	0f 90       	pop	r0
     5ee:	0f 90       	pop	r0
     5f0:	0f 90       	pop	r0
     5f2:	32 c0       	rjmp	.+100    	; 0x658 <lcd_pantalla_temperatura+0xf8>
			}
		}
		else
		{
			int16_t temp_abs = -temperatura_x2;
     5f4:	22 27       	eor	r18, r18
     5f6:	33 27       	eor	r19, r19
     5f8:	20 1b       	sub	r18, r16
     5fa:	31 0b       	sbc	r19, r17

			uint8_t entero = temp_abs / 2;
     5fc:	c9 01       	movw	r24, r18
     5fe:	0a f4       	brpl	.+2      	; 0x602 <lcd_pantalla_temperatura+0xa2>
     600:	01 96       	adiw	r24, 0x01	; 1
     602:	95 95       	asr	r25
     604:	87 95       	ror	r24

			if (temp_abs % 2)
     606:	20 ff       	sbrs	r18, 0
     608:	14 c0       	rjmp	.+40     	; 0x632 <lcd_pantalla_temperatura+0xd2>
			{
				sprintf(buffer, "T:-%u.5C", entero);
     60a:	99 27       	eor	r25, r25
     60c:	9f 93       	push	r25
     60e:	8f 93       	push	r24
     610:	8a ed       	ldi	r24, 0xDA	; 218
     612:	91 e0       	ldi	r25, 0x01	; 1
     614:	9f 93       	push	r25
     616:	8f 93       	push	r24
     618:	ce 01       	movw	r24, r28
     61a:	01 96       	adiw	r24, 0x01	; 1
     61c:	9f 93       	push	r25
     61e:	8f 93       	push	r24
     620:	0e 94 4a 06 	call	0xc94	; 0xc94 <sprintf>
     624:	0f 90       	pop	r0
     626:	0f 90       	pop	r0
     628:	0f 90       	pop	r0
     62a:	0f 90       	pop	r0
     62c:	0f 90       	pop	r0
     62e:	0f 90       	pop	r0
     630:	13 c0       	rjmp	.+38     	; 0x658 <lcd_pantalla_temperatura+0xf8>
			}
			else
			{
				sprintf(buffer, "T:-%u.0C", entero);
     632:	99 27       	eor	r25, r25
     634:	9f 93       	push	r25
     636:	8f 93       	push	r24
     638:	83 ee       	ldi	r24, 0xE3	; 227
     63a:	91 e0       	ldi	r25, 0x01	; 1
     63c:	9f 93       	push	r25
     63e:	8f 93       	push	r24
     640:	ce 01       	movw	r24, r28
     642:	01 96       	adiw	r24, 0x01	; 1
     644:	9f 93       	push	r25
     646:	8f 93       	push	r24
     648:	0e 94 4a 06 	call	0xc94	; 0xc94 <sprintf>
     64c:	0f 90       	pop	r0
     64e:	0f 90       	pop	r0
     650:	0f 90       	pop	r0
     652:	0f 90       	pop	r0
     654:	0f 90       	pop	r0
     656:	0f 90       	pop	r0
			}
		}

		lcd_print(buffer);
     658:	ce 01       	movw	r24, r28
     65a:	01 96       	adiw	r24, 0x01	; 1
     65c:	0e 94 e3 00 	call	0x1c6	; 0x1c6 <lcd_print>
     660:	04 c0       	rjmp	.+8      	; 0x66a <lcd_pantalla_temperatura+0x10a>
	}
	else
	{
		lcd_print("T:XX.XC");
     662:	8c ee       	ldi	r24, 0xEC	; 236
     664:	91 e0       	ldi	r25, 0x01	; 1
     666:	0e 94 e3 00 	call	0x1c6	; 0x1c6 <lcd_print>

	// --------------------------------------------------------
	// LIMPIAR PARTE RESTANTE
	// --------------------------------------------------------

	lcd_gotoxy(8, 0);
     66a:	60 e0       	ldi	r22, 0x00	; 0
     66c:	88 e0       	ldi	r24, 0x08	; 8
     66e:	0e 94 dd 00 	call	0x1ba	; 0x1ba <lcd_gotoxy>

	lcd_print("M:");
     672:	84 ef       	ldi	r24, 0xF4	; 244
     674:	91 e0       	ldi	r25, 0x01	; 1
     676:	0e 94 e3 00 	call	0x1c6	; 0x1c6 <lcd_print>

	if (motor_posicion == 0)
     67a:	e1 10       	cpse	r14, r1
     67c:	05 c0       	rjmp	.+10     	; 0x688 <lcd_pantalla_temperatura+0x128>
	{
		lcd_print("OFF");
     67e:	87 ef       	ldi	r24, 0xF7	; 247
     680:	91 e0       	ldi	r25, 0x01	; 1
     682:	0e 94 e3 00 	call	0x1c6	; 0x1c6 <lcd_print>
     686:	04 c0       	rjmp	.+8      	; 0x690 <lcd_pantalla_temperatura+0x130>
	}
	else
	{
		lcd_print("AV ");
     688:	8b ef       	ldi	r24, 0xFB	; 251
     68a:	91 e0       	ldi	r25, 0x01	; 1
     68c:	0e 94 e3 00 	call	0x1c6	; 0x1c6 <lcd_print>
	}

	lcd_espacios(5);
     690:	85 e0       	ldi	r24, 0x05	; 5
     692:	0e 94 45 01 	call	0x28a	; 0x28a <lcd_espacios>

	// --------------------------------------------------------
	// FILA 1
	// --------------------------------------------------------

	lcd_gotoxy(0, 1);
     696:	61 e0       	ldi	r22, 0x01	; 1
     698:	80 e0       	ldi	r24, 0x00	; 0
     69a:	0e 94 dd 00 	call	0x1ba	; 0x1ba <lcd_gotoxy>

	if (temperatura_ok)
     69e:	ff 20       	and	r15, r15
     6a0:	a9 f0       	breq	.+42     	; 0x6cc <lcd_pantalla_temperatura+0x16c>
	{
		if (temperatura_x2 > (TEMP_UMBRAL * 2))
     6a2:	0d 33       	cpi	r16, 0x3D	; 61
     6a4:	11 05       	cpc	r17, r1
     6a6:	2c f0       	brlt	.+10     	; 0x6b2 <lcd_pantalla_temperatura+0x152>
		{
			lcd_print("TEMP ALTA");
     6a8:	8f ef       	ldi	r24, 0xFF	; 255
     6aa:	91 e0       	ldi	r25, 0x01	; 1
     6ac:	0e 94 e3 00 	call	0x1c6	; 0x1c6 <lcd_print>
     6b0:	11 c0       	rjmp	.+34     	; 0x6d4 <lcd_pantalla_temperatura+0x174>
		}
		else if (temperatura_x2 < (TEMP_UMBRAL * 2))
     6b2:	0c 33       	cpi	r16, 0x3C	; 60
     6b4:	11 05       	cpc	r17, r1
     6b6:	2c f4       	brge	.+10     	; 0x6c2 <lcd_pantalla_temperatura+0x162>
		{
			lcd_print("TEMP BAJA");
     6b8:	89 e0       	ldi	r24, 0x09	; 9
     6ba:	92 e0       	ldi	r25, 0x02	; 2
     6bc:	0e 94 e3 00 	call	0x1c6	; 0x1c6 <lcd_print>
     6c0:	09 c0       	rjmp	.+18     	; 0x6d4 <lcd_pantalla_temperatura+0x174>
		}
		else
		{
			lcd_print("TEMP OK");
     6c2:	83 e1       	ldi	r24, 0x13	; 19
     6c4:	92 e0       	ldi	r25, 0x02	; 2
     6c6:	0e 94 e3 00 	call	0x1c6	; 0x1c6 <lcd_print>
     6ca:	04 c0       	rjmp	.+8      	; 0x6d4 <lcd_pantalla_temperatura+0x174>
		}
	}
	else
	{
		lcd_print("TEMP: X");
     6cc:	8b e1       	ldi	r24, 0x1B	; 27
     6ce:	92 e0       	ldi	r25, 0x02	; 2
     6d0:	0e 94 e3 00 	call	0x1c6	; 0x1c6 <lcd_print>
	}

	lcd_espacios(7);
     6d4:	87 e0       	ldi	r24, 0x07	; 7
     6d6:	0e 94 45 01 	call	0x28a	; 0x28a <lcd_espacios>
}
     6da:	61 96       	adiw	r28, 0x11	; 17
     6dc:	0f b6       	in	r0, 0x3f	; 63
     6de:	f8 94       	cli
     6e0:	de bf       	out	0x3e, r29	; 62
     6e2:	0f be       	out	0x3f, r0	; 63
     6e4:	cd bf       	out	0x3d, r28	; 61
     6e6:	df 91       	pop	r29
     6e8:	cf 91       	pop	r28
     6ea:	1f 91       	pop	r17
     6ec:	0f 91       	pop	r16
     6ee:	ff 90       	pop	r15
     6f0:	ef 90       	pop	r14
     6f2:	08 95       	ret

000006f4 <lcd_pantalla_esclavo1>:
// ============================================================
// LCD - MOSTRAR ESCLAVO 1
// ============================================================

void lcd_pantalla_esclavo1(void)
{
     6f4:	0f 93       	push	r16
     6f6:	1f 93       	push	r17
     6f8:	cf 93       	push	r28
     6fa:	df 93       	push	r29
     6fc:	cd b7       	in	r28, 0x3d	; 61
     6fe:	de b7       	in	r29, 0x3e	; 62
     700:	61 97       	sbiw	r28, 0x11	; 17
     702:	0f b6       	in	r0, 0x3f	; 63
     704:	f8 94       	cli
     706:	de bf       	out	0x3e, r29	; 62
     708:	0f be       	out	0x3f, r0	; 63
     70a:	cd bf       	out	0x3d, r28	; 61

	// --------------------------------------------------------
	// FILA 0
	// --------------------------------------------------------

	lcd_gotoxy(0, 0);
     70c:	60 e0       	ldi	r22, 0x00	; 0
     70e:	80 e0       	ldi	r24, 0x00	; 0
     710:	0e 94 dd 00 	call	0x1ba	; 0x1ba <lcd_gotoxy>

	if (s1_ok)
     714:	80 91 b3 04 	lds	r24, 0x04B3	; 0x8004b3 <s1_ok>
     718:	88 23       	and	r24, r24
     71a:	d9 f0       	breq	.+54     	; 0x752 <lcd_pantalla_esclavo1+0x5e>
	{
		sprintf(buffer, "D:%ucm", distancia);
     71c:	80 91 b8 04 	lds	r24, 0x04B8	; 0x8004b8 <distancia+0x1>
     720:	8f 93       	push	r24
     722:	80 91 b7 04 	lds	r24, 0x04B7	; 0x8004b7 <distancia>
     726:	8f 93       	push	r24
     728:	83 e2       	ldi	r24, 0x23	; 35
     72a:	92 e0       	ldi	r25, 0x02	; 2
     72c:	9f 93       	push	r25
     72e:	8f 93       	push	r24
     730:	8e 01       	movw	r16, r28
     732:	0f 5f       	subi	r16, 0xFF	; 255
     734:	1f 4f       	sbci	r17, 0xFF	; 255
     736:	1f 93       	push	r17
     738:	0f 93       	push	r16
     73a:	0e 94 4a 06 	call	0xc94	; 0xc94 <sprintf>

		lcd_print(buffer);
     73e:	c8 01       	movw	r24, r16
     740:	0e 94 e3 00 	call	0x1c6	; 0x1c6 <lcd_print>
     744:	0f 90       	pop	r0
     746:	0f 90       	pop	r0
     748:	0f 90       	pop	r0
     74a:	0f 90       	pop	r0
     74c:	0f 90       	pop	r0
     74e:	0f 90       	pop	r0
     750:	04 c0       	rjmp	.+8      	; 0x75a <lcd_pantalla_esclavo1+0x66>
	}
	else
	{
		lcd_print("D:XXXXcm");
     752:	8a e2       	ldi	r24, 0x2A	; 42
     754:	92 e0       	ldi	r25, 0x02	; 2
     756:	0e 94 e3 00 	call	0x1c6	; 0x1c6 <lcd_print>
	}

	lcd_espacios(8);
     75a:	88 e0       	ldi	r24, 0x08	; 8
     75c:	0e 94 45 01 	call	0x28a	; 0x28a <lcd_espacios>

	// --------------------------------------------------------
	// FILA 1
	// --------------------------------------------------------

	lcd_gotoxy(0, 1);
     760:	61 e0       	ldi	r22, 0x01	; 1
     762:	80 e0       	ldi	r24, 0x00	; 0
     764:	0e 94 dd 00 	call	0x1ba	; 0x1ba <lcd_gotoxy>

	if (s1_ok)
     768:	80 91 b3 04 	lds	r24, 0x04B3	; 0x8004b3 <s1_ok>
     76c:	88 23       	and	r24, r24
     76e:	91 f0       	breq	.+36     	; 0x794 <lcd_pantalla_esclavo1+0xa0>
	{
		lcd_print("ST:");
     770:	83 e3       	ldi	r24, 0x33	; 51
     772:	92 e0       	ldi	r25, 0x02	; 2
     774:	0e 94 e3 00 	call	0x1c6	; 0x1c6 <lcd_print>

		if (stepper_activo)
     778:	80 91 b6 04 	lds	r24, 0x04B6	; 0x8004b6 <stepper_activo>
     77c:	88 23       	and	r24, r24
     77e:	29 f0       	breq	.+10     	; 0x78a <lcd_pantalla_esclavo1+0x96>
		{
			lcd_print("ON");
     780:	87 e3       	ldi	r24, 0x37	; 55
     782:	92 e0       	ldi	r25, 0x02	; 2
     784:	0e 94 e3 00 	call	0x1c6	; 0x1c6 <lcd_print>
     788:	09 c0       	rjmp	.+18     	; 0x79c <lcd_pantalla_esclavo1+0xa8>
		}
		else
		{
			lcd_print("OFF");
     78a:	87 ef       	ldi	r24, 0xF7	; 247
     78c:	91 e0       	ldi	r25, 0x01	; 1
     78e:	0e 94 e3 00 	call	0x1c6	; 0x1c6 <lcd_print>
     792:	04 c0       	rjmp	.+8      	; 0x79c <lcd_pantalla_esclavo1+0xa8>
		}
	}
	else
	{
		lcd_print("ST:X");
     794:	8a e3       	ldi	r24, 0x3A	; 58
     796:	92 e0       	ldi	r25, 0x02	; 2
     798:	0e 94 e3 00 	call	0x1c6	; 0x1c6 <lcd_print>
	}

	lcd_espacios(12);
     79c:	8c e0       	ldi	r24, 0x0C	; 12
     79e:	0e 94 45 01 	call	0x28a	; 0x28a <lcd_espacios>
}
     7a2:	61 96       	adiw	r28, 0x11	; 17
     7a4:	0f b6       	in	r0, 0x3f	; 63
     7a6:	f8 94       	cli
     7a8:	de bf       	out	0x3e, r29	; 62
     7aa:	0f be       	out	0x3f, r0	; 63
     7ac:	cd bf       	out	0x3d, r28	; 61
     7ae:	df 91       	pop	r29
     7b0:	cf 91       	pop	r28
     7b2:	1f 91       	pop	r17
     7b4:	0f 91       	pop	r16
     7b6:	08 95       	ret

000007b8 <lcd_pantalla_esclavo2>:
// ============================================================
// LCD - MOSTRAR ESCLAVO 2
// ============================================================

void lcd_pantalla_esclavo2(void)
{
     7b8:	0f 93       	push	r16
     7ba:	1f 93       	push	r17
     7bc:	cf 93       	push	r28
     7be:	df 93       	push	r29
     7c0:	cd b7       	in	r28, 0x3d	; 61
     7c2:	de b7       	in	r29, 0x3e	; 62
     7c4:	61 97       	sbiw	r28, 0x11	; 17
     7c6:	0f b6       	in	r0, 0x3f	; 63
     7c8:	f8 94       	cli
     7ca:	de bf       	out	0x3e, r29	; 62
     7cc:	0f be       	out	0x3f, r0	; 63
     7ce:	cd bf       	out	0x3d, r28	; 61

	// --------------------------------------------------------
	// FILA 0
	// --------------------------------------------------------

	lcd_gotoxy(0, 0);
     7d0:	60 e0       	ldi	r22, 0x00	; 0
     7d2:	80 e0       	ldi	r24, 0x00	; 0
     7d4:	0e 94 dd 00 	call	0x1ba	; 0x1ba <lcd_gotoxy>

	if (s2_ok)
     7d8:	80 91 b2 04 	lds	r24, 0x04B2	; 0x8004b2 <s2_ok>
     7dc:	88 23       	and	r24, r24
     7de:	91 f0       	breq	.+36     	; 0x804 <__DATA_REGION_LENGTH__+0x4>
	{
		lcd_print("LL:");
     7e0:	8f e3       	ldi	r24, 0x3F	; 63
     7e2:	92 e0       	ldi	r25, 0x02	; 2
     7e4:	0e 94 e3 00 	call	0x1c6	; 0x1c6 <lcd_print>

		if (lluvia)
     7e8:	80 91 b5 04 	lds	r24, 0x04B5	; 0x8004b5 <lluvia>
     7ec:	88 23       	and	r24, r24
     7ee:	29 f0       	breq	.+10     	; 0x7fa <lcd_pantalla_esclavo2+0x42>
		{
			lcd_print("SI");
     7f0:	83 e4       	ldi	r24, 0x43	; 67
     7f2:	92 e0       	ldi	r25, 0x02	; 2
     7f4:	0e 94 e3 00 	call	0x1c6	; 0x1c6 <lcd_print>
     7f8:	09 c0       	rjmp	.+18     	; 0x80c <__DATA_REGION_LENGTH__+0xc>
		}
		else
		{
			lcd_print("NO");
     7fa:	86 e4       	ldi	r24, 0x46	; 70
     7fc:	92 e0       	ldi	r25, 0x02	; 2
     7fe:	0e 94 e3 00 	call	0x1c6	; 0x1c6 <lcd_print>
     802:	04 c0       	rjmp	.+8      	; 0x80c <__DATA_REGION_LENGTH__+0xc>
		}
	}
	else
	{
		lcd_print("LL:X");
     804:	89 e4       	ldi	r24, 0x49	; 73
     806:	92 e0       	ldi	r25, 0x02	; 2
     808:	0e 94 e3 00 	call	0x1c6	; 0x1c6 <lcd_print>
	}

	lcd_espacios(12);
     80c:	8c e0       	ldi	r24, 0x0C	; 12
     80e:	0e 94 45 01 	call	0x28a	; 0x28a <lcd_espacios>

	// --------------------------------------------------------
	// FILA 1
	// --------------------------------------------------------

	lcd_gotoxy(0, 1);
     812:	61 e0       	ldi	r22, 0x01	; 1
     814:	80 e0       	ldi	r24, 0x00	; 0
     816:	0e 94 dd 00 	call	0x1ba	; 0x1ba <lcd_gotoxy>

	if (s2_ok)
     81a:	80 91 b2 04 	lds	r24, 0x04B2	; 0x8004b2 <s2_ok>
     81e:	88 23       	and	r24, r24
     820:	e9 f0       	breq	.+58     	; 0x85c <__DATA_REGION_LENGTH__+0x5c>
	{
		sprintf(buffer, "SV:%03u", servo_posicion);
     822:	80 91 b4 04 	lds	r24, 0x04B4	; 0x8004b4 <servo_posicion>
     826:	1f 92       	push	r1
     828:	8f 93       	push	r24
     82a:	8e e4       	ldi	r24, 0x4E	; 78
     82c:	92 e0       	ldi	r25, 0x02	; 2
     82e:	9f 93       	push	r25
     830:	8f 93       	push	r24
     832:	8e 01       	movw	r16, r28
     834:	0f 5f       	subi	r16, 0xFF	; 255
     836:	1f 4f       	sbci	r17, 0xFF	; 255
     838:	1f 93       	push	r17
     83a:	0f 93       	push	r16
     83c:	0e 94 4a 06 	call	0xc94	; 0xc94 <sprintf>

		lcd_print(buffer);
     840:	c8 01       	movw	r24, r16
     842:	0e 94 e3 00 	call	0x1c6	; 0x1c6 <lcd_print>

		lcd_print(" grados");
     846:	86 e5       	ldi	r24, 0x56	; 86
     848:	92 e0       	ldi	r25, 0x02	; 2
     84a:	0e 94 e3 00 	call	0x1c6	; 0x1c6 <lcd_print>
     84e:	0f 90       	pop	r0
     850:	0f 90       	pop	r0
     852:	0f 90       	pop	r0
     854:	0f 90       	pop	r0
     856:	0f 90       	pop	r0
     858:	0f 90       	pop	r0
     85a:	04 c0       	rjmp	.+8      	; 0x864 <__DATA_REGION_LENGTH__+0x64>
	}
	else
	{
		lcd_print("SV:X");
     85c:	8e e5       	ldi	r24, 0x5E	; 94
     85e:	92 e0       	ldi	r25, 0x02	; 2
     860:	0e 94 e3 00 	call	0x1c6	; 0x1c6 <lcd_print>
	}

	lcd_espacios(10);
     864:	8a e0       	ldi	r24, 0x0A	; 10
     866:	0e 94 45 01 	call	0x28a	; 0x28a <lcd_espacios>
}
     86a:	61 96       	adiw	r28, 0x11	; 17
     86c:	0f b6       	in	r0, 0x3f	; 63
     86e:	f8 94       	cli
     870:	de bf       	out	0x3e, r29	; 62
     872:	0f be       	out	0x3f, r0	; 63
     874:	cd bf       	out	0x3d, r28	; 61
     876:	df 91       	pop	r29
     878:	cf 91       	pop	r28
     87a:	1f 91       	pop	r17
     87c:	0f 91       	pop	r16
     87e:	08 95       	ret

00000880 <lcd_actualizar>:
uint8_t lcd_pantalla_actual = 0;

void lcd_actualizar(int16_t temperatura_x2,
uint8_t temperatura_ok,
uint8_t motor_posicion)
{
     880:	9c 01       	movw	r18, r24
	if (lcd_pantalla_actual == 0)
     882:	90 91 b0 04 	lds	r25, 0x04B0	; 0x8004b0 <lcd_pantalla_actual>
     886:	91 11       	cpse	r25, r1
     888:	04 c0       	rjmp	.+8      	; 0x892 <lcd_actualizar+0x12>
	{
		lcd_pantalla_temperatura(
     88a:	c9 01       	movw	r24, r18
     88c:	0e 94 b0 02 	call	0x560	; 0x560 <lcd_pantalla_temperatura>
     890:	07 c0       	rjmp	.+14     	; 0x8a0 <lcd_actualizar+0x20>
		temperatura_x2,
		temperatura_ok,
		motor_posicion
		);
	}
	else if (lcd_pantalla_actual == 1)
     892:	91 30       	cpi	r25, 0x01	; 1
     894:	19 f4       	brne	.+6      	; 0x89c <lcd_actualizar+0x1c>
	{
		lcd_pantalla_esclavo1();
     896:	0e 94 7a 03 	call	0x6f4	; 0x6f4 <lcd_pantalla_esclavo1>
     89a:	02 c0       	rjmp	.+4      	; 0x8a0 <lcd_actualizar+0x20>
	}
	else
	{
		lcd_pantalla_esclavo2();
     89c:	0e 94 dc 03 	call	0x7b8	; 0x7b8 <lcd_pantalla_esclavo2>

	// --------------------------------------------------------
	// Cambiar a la siguiente pantalla
	// --------------------------------------------------------

	lcd_pantalla_actual++;
     8a0:	80 91 b0 04 	lds	r24, 0x04B0	; 0x8004b0 <lcd_pantalla_actual>
     8a4:	8f 5f       	subi	r24, 0xFF	; 255
     8a6:	80 93 b0 04 	sts	0x04B0, r24	; 0x8004b0 <lcd_pantalla_actual>

	if (lcd_pantalla_actual >= 3)
     8aa:	83 30       	cpi	r24, 0x03	; 3
     8ac:	10 f0       	brcs	.+4      	; 0x8b2 <lcd_actualizar+0x32>
	{
		lcd_pantalla_actual = 0;
     8ae:	10 92 b0 04 	sts	0x04B0, r1	; 0x8004b0 <lcd_pantalla_actual>
     8b2:	08 95       	ret

000008b4 <main>:

	// --------------------------------------------------------
	// INICIALIZAR UART
	// --------------------------------------------------------

	uart_init(9600);
     8b4:	80 e8       	ldi	r24, 0x80	; 128
     8b6:	95 e2       	ldi	r25, 0x25	; 37
     8b8:	0e 94 53 01 	call	0x2a6	; 0x2a6 <uart_init>

	// --------------------------------------------------------
	// INICIALIZAR I2C
	// --------------------------------------------------------

	twi_init();
     8bc:	0e 94 9a 01 	call	0x334	; 0x334 <twi_init>

	// --------------------------------------------------------
	// INICIALIZAR LCD
	// --------------------------------------------------------

	lcd_init();
     8c0:	0e 94 f0 00 	call	0x1e0	; 0x1e0 <lcd_init>

	lcd_clear();
     8c4:	0e 94 d9 00 	call	0x1b2	; 0x1b2 <lcd_clear>

	// --------------------------------------------------------
	// MOTOR
	// --------------------------------------------------------

	DDRC |= (1 << MOTOR_IN1) |
     8c8:	87 b1       	in	r24, 0x07	; 7
     8ca:	86 60       	ori	r24, 0x06	; 6
     8cc:	87 b9       	out	0x07, r24	; 7
	(1 << MOTOR_IN2);

	motor_stop();
     8ce:	0e 94 9b 02 	call	0x536	; 0x536 <motor_stop>

	// --------------------------------------------------------
	// MENSAJE UART
	// --------------------------------------------------------

	uart_print("\r\n");
     8d2:	8c ef       	ldi	r24, 0xFC	; 252
     8d4:	92 e0       	ldi	r25, 0x02	; 2
     8d6:	0e 94 70 01 	call	0x2e0	; 0x2e0 <uart_print>
	uart_print("================================\r\n");
     8da:	83 e6       	ldi	r24, 0x63	; 99
     8dc:	92 e0       	ldi	r25, 0x02	; 2
     8de:	0e 94 70 01 	call	0x2e0	; 0x2e0 <uart_print>
	uart_print("       NANO MAESTRO\r\n");
     8e2:	86 e8       	ldi	r24, 0x86	; 134
     8e4:	92 e0       	ldi	r25, 0x02	; 2
     8e6:	0e 94 70 01 	call	0x2e0	; 0x2e0 <uart_print>
	uart_print("================================\r\n");
     8ea:	83 e6       	ldi	r24, 0x63	; 99
     8ec:	92 e0       	ldi	r25, 0x02	; 2
     8ee:	0e 94 70 01 	call	0x2e0	; 0x2e0 <uart_print>

	uart_print("I2C MASTER iniciado\r\n");
     8f2:	8c e9       	ldi	r24, 0x9C	; 156
     8f4:	92 e0       	ldi	r25, 0x02	; 2
     8f6:	0e 94 70 01 	call	0x2e0	; 0x2e0 <uart_print>
	uart_print("S1 = 0x08\r\n");
     8fa:	82 eb       	ldi	r24, 0xB2	; 178
     8fc:	92 e0       	ldi	r25, 0x02	; 2
     8fe:	0e 94 70 01 	call	0x2e0	; 0x2e0 <uart_print>
	uart_print("S2 = 0x09\r\n");
     902:	8e eb       	ldi	r24, 0xBE	; 190
     904:	92 e0       	ldi	r25, 0x02	; 2
     906:	0e 94 70 01 	call	0x2e0	; 0x2e0 <uart_print>
	uart_print("SCL = 100 kHz\r\n");
     90a:	8a ec       	ldi	r24, 0xCA	; 202
     90c:	92 e0       	ldi	r25, 0x02	; 2
     90e:	0e 94 70 01 	call	0x2e0	; 0x2e0 <uart_print>

	uart_print("================================\r\n\r\n");
     912:	8a ed       	ldi	r24, 0xDA	; 218
     914:	92 e0       	ldi	r25, 0x02	; 2
     916:	0e 94 70 01 	call	0x2e0	; 0x2e0 <uart_print>

	uart_print("==============================\r\n");
     91a:	85 e6       	ldi	r24, 0x65	; 101
     91c:	92 e0       	ldi	r25, 0x02	; 2
     91e:	0e 94 70 01 	call	0x2e0	; 0x2e0 <uart_print>
	uart_print("MAESTRO LM75 + MOTOR DC\r\n");
     922:	8f ef       	ldi	r24, 0xFF	; 255
     924:	92 e0       	ldi	r25, 0x02	; 2
     926:	0e 94 70 01 	call	0x2e0	; 0x2e0 <uart_print>
	uart_print("==============================\r\n");
     92a:	85 e6       	ldi	r24, 0x65	; 101
     92c:	92 e0       	ldi	r25, 0x02	; 2
     92e:	0e 94 70 01 	call	0x2e0	; 0x2e0 <uart_print>

	uart_print("LM75 = 0x48\r\n");
     932:	89 e1       	ldi	r24, 0x19	; 25
     934:	93 e0       	ldi	r25, 0x03	; 3
     936:	0e 94 70 01 	call	0x2e0	; 0x2e0 <uart_print>
	uart_print("SDA = A4\r\n");
     93a:	87 e2       	ldi	r24, 0x27	; 39
     93c:	93 e0       	ldi	r25, 0x03	; 3
     93e:	0e 94 70 01 	call	0x2e0	; 0x2e0 <uart_print>
	uart_print("SCL = A5\r\n");
     942:	82 e3       	ldi	r24, 0x32	; 50
     944:	93 e0       	ldi	r25, 0x03	; 3
     946:	0e 94 70 01 	call	0x2e0	; 0x2e0 <uart_print>

	uart_print("Motor IN1 = PC1\r\n");
     94a:	8d e3       	ldi	r24, 0x3D	; 61
     94c:	93 e0       	ldi	r25, 0x03	; 3
     94e:	0e 94 70 01 	call	0x2e0	; 0x2e0 <uart_print>
	uart_print("Motor IN2 = PC2\r\n");
     952:	8f e4       	ldi	r24, 0x4F	; 79
     954:	93 e0       	ldi	r25, 0x03	; 3
     956:	0e 94 70 01 	call	0x2e0	; 0x2e0 <uart_print>

	uart_print("Umbral = ");
     95a:	81 e6       	ldi	r24, 0x61	; 97
     95c:	93 e0       	ldi	r25, 0x03	; 3
     95e:	0e 94 70 01 	call	0x2e0	; 0x2e0 <uart_print>
	uart_print_num(TEMP_UMBRAL);
     962:	8e e1       	ldi	r24, 0x1E	; 30
     964:	90 e0       	ldi	r25, 0x00	; 0
     966:	0e 94 7d 01 	call	0x2fa	; 0x2fa <uart_print_num>
	uart_print(" C\r\n");
     96a:	8b e6       	ldi	r24, 0x6B	; 107
     96c:	93 e0       	ldi	r25, 0x03	; 3
     96e:	0e 94 70 01 	call	0x2e0	; 0x2e0 <uart_print>

	uart_print("==============================\r\n");
     972:	85 e6       	ldi	r24, 0x65	; 101
     974:	92 e0       	ldi	r25, 0x02	; 2
     976:	0e 94 70 01 	call	0x2e0	; 0x2e0 <uart_print>
{
	// --------------------------------------------------------
	// VARIABLES
	// --------------------------------------------------------

	uint8_t motor_posicion = 0;
     97a:	f1 2c       	mov	r15, r1
	{
		// ====================================================
		// LECTURA CADA 500 ms
		// ====================================================

		if (contador_i2c >= 500)
     97c:	80 91 ae 04 	lds	r24, 0x04AE	; 0x8004ae <__data_end>
     980:	90 91 af 04 	lds	r25, 0x04AF	; 0x8004af <__data_end+0x1>
     984:	84 3f       	cpi	r24, 0xF4	; 244
     986:	91 40       	sbci	r25, 0x01	; 1
     988:	08 f4       	brcc	.+2      	; 0x98c <__stack+0x8d>
     98a:	2d c1       	rjmp	.+602    	; 0xbe6 <__stack+0x2e7>
		{
			contador_i2c = 0;
     98c:	10 92 af 04 	sts	0x04AF, r1	; 0x8004af <__data_end+0x1>
     990:	10 92 ae 04 	sts	0x04AE, r1	; 0x8004ae <__data_end>

			// =================================================
			// LEER ESCLAVO 1
			// =================================================

			if (leer_esclavo1(
     994:	66 eb       	ldi	r22, 0xB6	; 182
     996:	74 e0       	ldi	r23, 0x04	; 4
     998:	87 eb       	ldi	r24, 0xB7	; 183
     99a:	94 e0       	ldi	r25, 0x04	; 4
     99c:	0e 94 dd 01 	call	0x3ba	; 0x3ba <leer_esclavo1>
     9a0:	88 23       	and	r24, r24
     9a2:	39 f1       	breq	.+78     	; 0x9f2 <__stack+0xf3>
			&distancia,
			&stepper_activo))
			{
				s1_ok = 1;
     9a4:	81 e0       	ldi	r24, 0x01	; 1
     9a6:	80 93 b3 04 	sts	0x04B3, r24	; 0x8004b3 <s1_ok>

				uart_print("S1 -> Distancia: ");
     9aa:	80 e7       	ldi	r24, 0x70	; 112
     9ac:	93 e0       	ldi	r25, 0x03	; 3
     9ae:	0e 94 70 01 	call	0x2e0	; 0x2e0 <uart_print>

				uart_print_num(distancia);
     9b2:	80 91 b7 04 	lds	r24, 0x04B7	; 0x8004b7 <distancia>
     9b6:	90 91 b8 04 	lds	r25, 0x04B8	; 0x8004b8 <distancia+0x1>
     9ba:	0e 94 7d 01 	call	0x2fa	; 0x2fa <uart_print_num>

				uart_print(" cm");
     9be:	82 e8       	ldi	r24, 0x82	; 130
     9c0:	93 e0       	ldi	r25, 0x03	; 3
     9c2:	0e 94 70 01 	call	0x2e0	; 0x2e0 <uart_print>

				uart_print(" | Stepper: ");
     9c6:	86 e8       	ldi	r24, 0x86	; 134
     9c8:	93 e0       	ldi	r25, 0x03	; 3
     9ca:	0e 94 70 01 	call	0x2e0	; 0x2e0 <uart_print>

				if (stepper_activo)
     9ce:	80 91 b6 04 	lds	r24, 0x04B6	; 0x8004b6 <stepper_activo>
     9d2:	88 23       	and	r24, r24
     9d4:	29 f0       	breq	.+10     	; 0x9e0 <__stack+0xe1>
				{
					uart_print("ON");
     9d6:	87 e3       	ldi	r24, 0x37	; 55
     9d8:	92 e0       	ldi	r25, 0x02	; 2
     9da:	0e 94 70 01 	call	0x2e0	; 0x2e0 <uart_print>
     9de:	04 c0       	rjmp	.+8      	; 0x9e8 <__stack+0xe9>
				}
				else
				{
					uart_print("OFF");
     9e0:	87 ef       	ldi	r24, 0xF7	; 247
     9e2:	91 e0       	ldi	r25, 0x01	; 1
     9e4:	0e 94 70 01 	call	0x2e0	; 0x2e0 <uart_print>
				}

				uart_print("\r\n");
     9e8:	8c ef       	ldi	r24, 0xFC	; 252
     9ea:	92 e0       	ldi	r25, 0x02	; 2
     9ec:	0e 94 70 01 	call	0x2e0	; 0x2e0 <uart_print>
     9f0:	06 c0       	rjmp	.+12     	; 0x9fe <__stack+0xff>
			}
			else
			{
				s1_ok = 0;
     9f2:	10 92 b3 04 	sts	0x04B3, r1	; 0x8004b3 <s1_ok>

				uart_print(
     9f6:	83 e9       	ldi	r24, 0x93	; 147
     9f8:	93 e0       	ldi	r25, 0x03	; 3
     9fa:	0e 94 70 01 	call	0x2e0	; 0x2e0 <uart_print>

			// =================================================
			// LEER ESCLAVO 2
			// =================================================

			if (leer_esclavo2(
     9fe:	64 eb       	ldi	r22, 0xB4	; 180
     a00:	74 e0       	ldi	r23, 0x04	; 4
     a02:	85 eb       	ldi	r24, 0xB5	; 181
     a04:	94 e0       	ldi	r25, 0x04	; 4
     a06:	0e 94 0f 02 	call	0x41e	; 0x41e <leer_esclavo2>
     a0a:	88 23       	and	r24, r24
     a0c:	11 f1       	breq	.+68     	; 0xa52 <__stack+0x153>
			&lluvia,
			&servo_posicion))
			{
				s2_ok = 1;
     a0e:	81 e0       	ldi	r24, 0x01	; 1
     a10:	80 93 b2 04 	sts	0x04B2, r24	; 0x8004b2 <s2_ok>

				uart_print("S2 -> Lluvia: ");
     a14:	8f ea       	ldi	r24, 0xAF	; 175
     a16:	93 e0       	ldi	r25, 0x03	; 3
     a18:	0e 94 70 01 	call	0x2e0	; 0x2e0 <uart_print>

				if (lluvia)
     a1c:	80 91 b5 04 	lds	r24, 0x04B5	; 0x8004b5 <lluvia>
     a20:	88 23       	and	r24, r24
     a22:	29 f0       	breq	.+10     	; 0xa2e <__stack+0x12f>
				{
					uart_print("SI");
     a24:	83 e4       	ldi	r24, 0x43	; 67
     a26:	92 e0       	ldi	r25, 0x02	; 2
     a28:	0e 94 70 01 	call	0x2e0	; 0x2e0 <uart_print>
     a2c:	04 c0       	rjmp	.+8      	; 0xa36 <__stack+0x137>
				}
				else
				{
					uart_print("NO");
     a2e:	86 e4       	ldi	r24, 0x46	; 70
     a30:	92 e0       	ldi	r25, 0x02	; 2
     a32:	0e 94 70 01 	call	0x2e0	; 0x2e0 <uart_print>
				}

				uart_print(" | Servo: ");
     a36:	8e eb       	ldi	r24, 0xBE	; 190
     a38:	93 e0       	ldi	r25, 0x03	; 3
     a3a:	0e 94 70 01 	call	0x2e0	; 0x2e0 <uart_print>

				uart_print_num(servo_posicion);
     a3e:	80 91 b4 04 	lds	r24, 0x04B4	; 0x8004b4 <servo_posicion>
     a42:	90 e0       	ldi	r25, 0x00	; 0
     a44:	0e 94 7d 01 	call	0x2fa	; 0x2fa <uart_print_num>

				uart_print(" grados\r\n");
     a48:	89 ec       	ldi	r24, 0xC9	; 201
     a4a:	93 e0       	ldi	r25, 0x03	; 3
     a4c:	0e 94 70 01 	call	0x2e0	; 0x2e0 <uart_print>
     a50:	06 c0       	rjmp	.+12     	; 0xa5e <__stack+0x15f>
			}
			else
			{
				s2_ok = 0;
     a52:	10 92 b2 04 	sts	0x04B2, r1	; 0x8004b2 <s2_ok>

				uart_print(
     a56:	83 ed       	ldi	r24, 0xD3	; 211
     a58:	93 e0       	ldi	r25, 0x03	; 3
     a5a:	0e 94 70 01 	call	0x2e0	; 0x2e0 <uart_print>

			// =================================================
			// LM75
			// =================================================

			temperatura_x2 =
     a5e:	0e 94 36 02 	call	0x46c	; 0x46c <lm75_read_temperature_x2>
     a62:	ec 01       	movw	r28, r24
			lm75_read_temperature_x2();

			if (temperatura_x2 == -999)
     a64:	c9 31       	cpi	r28, 0x19	; 25
     a66:	8c ef       	ldi	r24, 0xFC	; 252
     a68:	d8 07       	cpc	r29, r24
     a6a:	b9 f4       	brne	.+46     	; 0xa9a <__stack+0x19b>
			{
				lm75_ok = 0;
     a6c:	10 92 b1 04 	sts	0x04B1, r1	; 0x8004b1 <lm75_ok>

				uart_print(
     a70:	8f ee       	ldi	r24, 0xEF	; 239
     a72:	93 e0       	ldi	r25, 0x03	; 3
     a74:	0e 94 70 01 	call	0x2e0	; 0x2e0 <uart_print>
				"ERROR: no se pudo leer LM75\r\n"
				);

				motor_stop();
     a78:	0e 94 9b 02 	call	0x536	; 0x536 <motor_stop>

				lcd_pantalla_temperatura(
     a7c:	4f 2d       	mov	r20, r15
     a7e:	60 e0       	ldi	r22, 0x00	; 0
     a80:	ce 01       	movw	r24, r28
     a82:	0e 94 b0 02 	call	0x560	; 0x560 <lcd_pantalla_temperatura>
	#else
		//round up by default
		__ticks_dc = (uint32_t)(ceil(fabs(__tmp)));
	#endif

	__builtin_avr_delay_cycles(__ticks_dc);
     a86:	9f ef       	ldi	r25, 0xFF	; 255
     a88:	23 ed       	ldi	r18, 0xD3	; 211
     a8a:	80 e3       	ldi	r24, 0x30	; 48
     a8c:	91 50       	subi	r25, 0x01	; 1
     a8e:	20 40       	sbci	r18, 0x00	; 0
     a90:	80 40       	sbci	r24, 0x00	; 0
     a92:	e1 f7       	brne	.-8      	; 0xa8c <__stack+0x18d>
     a94:	00 c0       	rjmp	.+0      	; 0xa96 <__stack+0x197>
     a96:	00 00       	nop
				motor_posicion
				);

				_delay_ms(1000);

				continue;
     a98:	71 cf       	rjmp	.-286    	; 0x97c <__stack+0x7d>
			}

			lm75_ok = 1;
     a9a:	81 e0       	ldi	r24, 0x01	; 1
     a9c:	80 93 b1 04 	sts	0x04B1, r24	; 0x8004b1 <lm75_ok>

			// =================================================
			// CONVERTIR TEMPERATURA
			// =================================================

			temperatura = temperatura_x2 / 2;
     aa0:	8e 01       	movw	r16, r28
     aa2:	dd 23       	and	r29, r29
     aa4:	14 f4       	brge	.+4      	; 0xaaa <__stack+0x1ab>
     aa6:	0f 5f       	subi	r16, 0xFF	; 255
     aa8:	1f 4f       	sbci	r17, 0xFF	; 255
     aaa:	15 95       	asr	r17
     aac:	07 95       	ror	r16

			// =================================================
			// UART - TEMPERATURA
			// =================================================

			uart_print("Temperatura: ");
     aae:	8d e0       	ldi	r24, 0x0D	; 13
     ab0:	94 e0       	ldi	r25, 0x04	; 4
     ab2:	0e 94 70 01 	call	0x2e0	; 0x2e0 <uart_print>

			if (temperatura_x2 < 0)
     ab6:	dd 23       	and	r29, r29
     ab8:	dc f4       	brge	.+54     	; 0xaf0 <__stack+0x1f1>
			{
				int16_t temp_abs = -temperatura_x2;
     aba:	cc 24       	eor	r12, r12
     abc:	dd 24       	eor	r13, r13
     abe:	cc 1a       	sub	r12, r28
     ac0:	dd 0a       	sbc	r13, r29

				uart_putc('-');
     ac2:	8d e2       	ldi	r24, 0x2D	; 45
     ac4:	0e 94 69 01 	call	0x2d2	; 0x2d2 <uart_putc>

				uart_print_num(temp_abs / 2);
     ac8:	c6 01       	movw	r24, r12
     aca:	dd 20       	and	r13, r13
     acc:	0c f4       	brge	.+2      	; 0xad0 <__stack+0x1d1>
     ace:	01 96       	adiw	r24, 0x01	; 1
     ad0:	95 95       	asr	r25
     ad2:	87 95       	ror	r24
     ad4:	0e 94 7d 01 	call	0x2fa	; 0x2fa <uart_print_num>

				if (temp_abs % 2)
     ad8:	c0 fe       	sbrs	r12, 0
     ada:	05 c0       	rjmp	.+10     	; 0xae6 <__stack+0x1e7>
				{
					uart_print(".5");
     adc:	8b e1       	ldi	r24, 0x1B	; 27
     ade:	94 e0       	ldi	r25, 0x04	; 4
     ae0:	0e 94 70 01 	call	0x2e0	; 0x2e0 <uart_print>
     ae4:	13 c0       	rjmp	.+38     	; 0xb0c <__stack+0x20d>
				}
				else
				{
					uart_print(".0");
     ae6:	8e e1       	ldi	r24, 0x1E	; 30
     ae8:	94 e0       	ldi	r25, 0x04	; 4
     aea:	0e 94 70 01 	call	0x2e0	; 0x2e0 <uart_print>
     aee:	0e c0       	rjmp	.+28     	; 0xb0c <__stack+0x20d>
				}
			}
			else
			{
				uart_print_num(
     af0:	c8 01       	movw	r24, r16
     af2:	0e 94 7d 01 	call	0x2fa	; 0x2fa <uart_print_num>
				temperatura_x2 / 2
				);

				if (temperatura_x2 % 2)
     af6:	c0 ff       	sbrs	r28, 0
     af8:	05 c0       	rjmp	.+10     	; 0xb04 <__stack+0x205>
				{
					uart_print(".5");
     afa:	8b e1       	ldi	r24, 0x1B	; 27
     afc:	94 e0       	ldi	r25, 0x04	; 4
     afe:	0e 94 70 01 	call	0x2e0	; 0x2e0 <uart_print>
     b02:	04 c0       	rjmp	.+8      	; 0xb0c <__stack+0x20d>
				}
				else
				{
					uart_print(".0");
     b04:	8e e1       	ldi	r24, 0x1E	; 30
     b06:	94 e0       	ldi	r25, 0x04	; 4
     b08:	0e 94 70 01 	call	0x2e0	; 0x2e0 <uart_print>
				}
			}

			uart_print(" C | ");
     b0c:	81 e2       	ldi	r24, 0x21	; 33
     b0e:	94 e0       	ldi	r25, 0x04	; 4
     b10:	0e 94 70 01 	call	0x2e0	; 0x2e0 <uart_print>

			// =================================================
			// LÓGICA DEL MOTOR
			// =================================================

			if (temperatura > TEMP_UMBRAL)
     b14:	0f 31       	cpi	r16, 0x1F	; 31
     b16:	11 05       	cpc	r17, r1
     b18:	44 f1       	brlt	.+80     	; 0xb6a <__stack+0x26b>
			{
				uart_print("TEMP ALTA");
     b1a:	8f ef       	ldi	r24, 0xFF	; 255
     b1c:	91 e0       	ldi	r25, 0x01	; 1
     b1e:	0e 94 70 01 	call	0x2e0	; 0x2e0 <uart_print>

				if (motor_posicion == 0)
     b22:	f1 10       	cpse	r15, r1
     b24:	1d c0       	rjmp	.+58     	; 0xb60 <__stack+0x261>
				{
					uart_print(
     b26:	87 e2       	ldi	r24, 0x27	; 39
     b28:	94 e0       	ldi	r25, 0x04	; 4
     b2a:	0e 94 70 01 	call	0x2e0	; 0x2e0 <uart_print>

					// ------------------------------------------------
					// Mostrar inmediatamente que el motor avanzará
					// ------------------------------------------------

					motor_avanzar();
     b2e:	0e 94 a2 02 	call	0x544	; 0x544 <motor_avanzar>

					// ------------------------------------------------
					// LCD muestra motor avanzado
					// ------------------------------------------------

					lcd_pantalla_temperatura(
     b32:	41 e0       	ldi	r20, 0x01	; 1
     b34:	61 e0       	ldi	r22, 0x01	; 1
     b36:	ce 01       	movw	r24, r28
     b38:	0e 94 b0 02 	call	0x560	; 0x560 <lcd_pantalla_temperatura>
     b3c:	2f ef       	ldi	r18, 0xFF	; 255
     b3e:	8f e4       	ldi	r24, 0x4F	; 79
     b40:	93 ec       	ldi	r25, 0xC3	; 195
     b42:	21 50       	subi	r18, 0x01	; 1
     b44:	80 40       	sbci	r24, 0x00	; 0
     b46:	90 40       	sbci	r25, 0x00	; 0
     b48:	e1 f7       	brne	.-8      	; 0xb42 <__stack+0x243>
     b4a:	00 c0       	rjmp	.+0      	; 0xb4c <__stack+0x24d>
     b4c:	00 00       	nop
					motor_posicion
					);

					_delay_ms(TIEMPO_MOTOR_MS);

					motor_stop();
     b4e:	0e 94 9b 02 	call	0x536	; 0x536 <motor_stop>

					uart_print(
     b52:	8c e8       	ldi	r24, 0x8C	; 140
     b54:	91 e0       	ldi	r25, 0x01	; 1
     b56:	0e 94 70 01 	call	0x2e0	; 0x2e0 <uart_print>
					// Mostrar inmediatamente que el motor avanzará
					// ------------------------------------------------

					motor_avanzar();

					motor_posicion = 1;
     b5a:	ff 24       	eor	r15, r15
     b5c:	f3 94       	inc	r15
     b5e:	34 c0       	rjmp	.+104    	; 0xbc8 <__stack+0x2c9>
					"MOTOR DC -> DETENIDO\r\n"
					);
				}
				else
				{
					uart_print(
     b60:	80 e4       	ldi	r24, 0x40	; 64
     b62:	94 e0       	ldi	r25, 0x04	; 4
     b64:	0e 94 70 01 	call	0x2e0	; 0x2e0 <uart_print>
     b68:	2f c0       	rjmp	.+94     	; 0xbc8 <__stack+0x2c9>
					" -> motor ya esta avanzado\r\n"
					);
				}
			}
			else if (temperatura < TEMP_UMBRAL)
     b6a:	0e 31       	cpi	r16, 0x1E	; 30
     b6c:	11 05       	cpc	r17, r1
     b6e:	44 f5       	brge	.+80     	; 0xbc0 <__stack+0x2c1>
			{
				uart_print("TEMP BAJA");
     b70:	89 e0       	ldi	r24, 0x09	; 9
     b72:	92 e0       	ldi	r25, 0x02	; 2
     b74:	0e 94 70 01 	call	0x2e0	; 0x2e0 <uart_print>

				if (motor_posicion == 1)
     b78:	21 e0       	ldi	r18, 0x01	; 1
     b7a:	f2 12       	cpse	r15, r18
     b7c:	1c c0       	rjmp	.+56     	; 0xbb6 <__stack+0x2b7>
				{
					uart_print(
     b7e:	8d e5       	ldi	r24, 0x5D	; 93
     b80:	94 e0       	ldi	r25, 0x04	; 4
     b82:	0e 94 70 01 	call	0x2e0	; 0x2e0 <uart_print>

					// ------------------------------------------------
					// Mostrar inmediatamente que el motor retrocede
					// ------------------------------------------------

					motor_retroceder();
     b86:	0e 94 a9 02 	call	0x552	; 0x552 <motor_retroceder>

					motor_posicion = 0;

					lcd_pantalla_temperatura(
     b8a:	40 e0       	ldi	r20, 0x00	; 0
     b8c:	61 e0       	ldi	r22, 0x01	; 1
     b8e:	ce 01       	movw	r24, r28
     b90:	0e 94 b0 02 	call	0x560	; 0x560 <lcd_pantalla_temperatura>
     b94:	8f ef       	ldi	r24, 0xFF	; 255
     b96:	9f e4       	ldi	r25, 0x4F	; 79
     b98:	23 ec       	ldi	r18, 0xC3	; 195
     b9a:	81 50       	subi	r24, 0x01	; 1
     b9c:	90 40       	sbci	r25, 0x00	; 0
     b9e:	20 40       	sbci	r18, 0x00	; 0
     ba0:	e1 f7       	brne	.-8      	; 0xb9a <__stack+0x29b>
     ba2:	00 c0       	rjmp	.+0      	; 0xba4 <__stack+0x2a5>
     ba4:	00 00       	nop
					motor_posicion
					);

					_delay_ms(TIEMPO_MOTOR_MS);

					motor_stop();
     ba6:	0e 94 9b 02 	call	0x536	; 0x536 <motor_stop>

					uart_print(
     baa:	8c e8       	ldi	r24, 0x8C	; 140
     bac:	91 e0       	ldi	r25, 0x01	; 1
     bae:	0e 94 70 01 	call	0x2e0	; 0x2e0 <uart_print>
					// Mostrar inmediatamente que el motor retrocede
					// ------------------------------------------------

					motor_retroceder();

					motor_posicion = 0;
     bb2:	f1 2c       	mov	r15, r1
     bb4:	09 c0       	rjmp	.+18     	; 0xbc8 <__stack+0x2c9>
					"MOTOR DC -> DETENIDO\r\n"
					);
				}
				else
				{
					uart_print(
     bb6:	89 e7       	ldi	r24, 0x79	; 121
     bb8:	94 e0       	ldi	r25, 0x04	; 4
     bba:	0e 94 70 01 	call	0x2e0	; 0x2e0 <uart_print>
     bbe:	04 c0       	rjmp	.+8      	; 0xbc8 <__stack+0x2c9>
					);
				}
			}
			else
			{
				uart_print(
     bc0:	87 e9       	ldi	r24, 0x97	; 151
     bc2:	94 e0       	ldi	r25, 0x04	; 4
     bc4:	0e 94 70 01 	call	0x2e0	; 0x2e0 <uart_print>

			// =================================================
			// ACTUALIZAR LCD
			// =================================================

			lcd_actualizar(
     bc8:	4f 2d       	mov	r20, r15
     bca:	60 91 b1 04 	lds	r22, 0x04B1	; 0x8004b1 <lm75_ok>
     bce:	ce 01       	movw	r24, r28
     bd0:	0e 94 40 04 	call	0x880	; 0x880 <lcd_actualizar>
     bd4:	8f ef       	ldi	r24, 0xFF	; 255
     bd6:	99 e6       	ldi	r25, 0x69	; 105
     bd8:	28 e1       	ldi	r18, 0x18	; 24
     bda:	81 50       	subi	r24, 0x01	; 1
     bdc:	90 40       	sbci	r25, 0x00	; 0
     bde:	20 40       	sbci	r18, 0x00	; 0
     be0:	e1 f7       	brne	.-8      	; 0xbda <__stack+0x2db>
     be2:	00 c0       	rjmp	.+0      	; 0xbe4 <__stack+0x2e5>
     be4:	00 00       	nop
     be6:	8f e9       	ldi	r24, 0x9F	; 159
     be8:	9f e0       	ldi	r25, 0x0F	; 15
     bea:	01 97       	sbiw	r24, 0x01	; 1
     bec:	f1 f7       	brne	.-4      	; 0xbea <__stack+0x2eb>
     bee:	00 c0       	rjmp	.+0      	; 0xbf0 <__stack+0x2f1>
     bf0:	00 00       	nop
		// CONTADOR
		// ====================================================

		_delay_ms(1);

		contador_i2c++;
     bf2:	80 91 ae 04 	lds	r24, 0x04AE	; 0x8004ae <__data_end>
     bf6:	90 91 af 04 	lds	r25, 0x04AF	; 0x8004af <__data_end+0x1>
     bfa:	01 96       	adiw	r24, 0x01	; 1
     bfc:	90 93 af 04 	sts	0x04AF, r25	; 0x8004af <__data_end+0x1>
     c00:	80 93 ae 04 	sts	0x04AE, r24	; 0x8004ae <__data_end>
     c04:	bb ce       	rjmp	.-650    	; 0x97c <__stack+0x7d>

00000c06 <__udivmodsi4>:
     c06:	a1 e2       	ldi	r26, 0x21	; 33
     c08:	1a 2e       	mov	r1, r26
     c0a:	aa 1b       	sub	r26, r26
     c0c:	bb 1b       	sub	r27, r27
     c0e:	fd 01       	movw	r30, r26
     c10:	0d c0       	rjmp	.+26     	; 0xc2c <__udivmodsi4_ep>

00000c12 <__udivmodsi4_loop>:
     c12:	aa 1f       	adc	r26, r26
     c14:	bb 1f       	adc	r27, r27
     c16:	ee 1f       	adc	r30, r30
     c18:	ff 1f       	adc	r31, r31
     c1a:	a2 17       	cp	r26, r18
     c1c:	b3 07       	cpc	r27, r19
     c1e:	e4 07       	cpc	r30, r20
     c20:	f5 07       	cpc	r31, r21
     c22:	20 f0       	brcs	.+8      	; 0xc2c <__udivmodsi4_ep>
     c24:	a2 1b       	sub	r26, r18
     c26:	b3 0b       	sbc	r27, r19
     c28:	e4 0b       	sbc	r30, r20
     c2a:	f5 0b       	sbc	r31, r21

00000c2c <__udivmodsi4_ep>:
     c2c:	66 1f       	adc	r22, r22
     c2e:	77 1f       	adc	r23, r23
     c30:	88 1f       	adc	r24, r24
     c32:	99 1f       	adc	r25, r25
     c34:	1a 94       	dec	r1
     c36:	69 f7       	brne	.-38     	; 0xc12 <__udivmodsi4_loop>
     c38:	60 95       	com	r22
     c3a:	70 95       	com	r23
     c3c:	80 95       	com	r24
     c3e:	90 95       	com	r25
     c40:	9b 01       	movw	r18, r22
     c42:	ac 01       	movw	r20, r24
     c44:	bd 01       	movw	r22, r26
     c46:	cf 01       	movw	r24, r30
     c48:	08 95       	ret

00000c4a <__itoa_ncheck>:
     c4a:	bb 27       	eor	r27, r27
     c4c:	4a 30       	cpi	r20, 0x0A	; 10
     c4e:	31 f4       	brne	.+12     	; 0xc5c <__itoa_ncheck+0x12>
     c50:	99 23       	and	r25, r25
     c52:	22 f4       	brpl	.+8      	; 0xc5c <__itoa_ncheck+0x12>
     c54:	bd e2       	ldi	r27, 0x2D	; 45
     c56:	90 95       	com	r25
     c58:	81 95       	neg	r24
     c5a:	9f 4f       	sbci	r25, 0xFF	; 255
     c5c:	0c 94 31 06 	jmp	0xc62	; 0xc62 <__utoa_common>

00000c60 <__utoa_ncheck>:
     c60:	bb 27       	eor	r27, r27

00000c62 <__utoa_common>:
     c62:	fb 01       	movw	r30, r22
     c64:	55 27       	eor	r21, r21
     c66:	aa 27       	eor	r26, r26
     c68:	88 0f       	add	r24, r24
     c6a:	99 1f       	adc	r25, r25
     c6c:	aa 1f       	adc	r26, r26
     c6e:	a4 17       	cp	r26, r20
     c70:	10 f0       	brcs	.+4      	; 0xc76 <__utoa_common+0x14>
     c72:	a4 1b       	sub	r26, r20
     c74:	83 95       	inc	r24
     c76:	50 51       	subi	r21, 0x10	; 16
     c78:	b9 f7       	brne	.-18     	; 0xc68 <__utoa_common+0x6>
     c7a:	a0 5d       	subi	r26, 0xD0	; 208
     c7c:	aa 33       	cpi	r26, 0x3A	; 58
     c7e:	08 f0       	brcs	.+2      	; 0xc82 <__utoa_common+0x20>
     c80:	a9 5d       	subi	r26, 0xD9	; 217
     c82:	a1 93       	st	Z+, r26
     c84:	00 97       	sbiw	r24, 0x00	; 0
     c86:	79 f7       	brne	.-34     	; 0xc66 <__utoa_common+0x4>
     c88:	b1 11       	cpse	r27, r1
     c8a:	b1 93       	st	Z+, r27
     c8c:	11 92       	st	Z+, r1
     c8e:	cb 01       	movw	r24, r22
     c90:	0c 94 63 08 	jmp	0x10c6	; 0x10c6 <strrev>

00000c94 <sprintf>:
     c94:	ae e0       	ldi	r26, 0x0E	; 14
     c96:	b0 e0       	ldi	r27, 0x00	; 0
     c98:	e0 e5       	ldi	r30, 0x50	; 80
     c9a:	f6 e0       	ldi	r31, 0x06	; 6
     c9c:	0c 94 1b 09 	jmp	0x1236	; 0x1236 <__prologue_saves__+0x1c>
     ca0:	0d 89       	ldd	r16, Y+21	; 0x15
     ca2:	1e 89       	ldd	r17, Y+22	; 0x16
     ca4:	86 e0       	ldi	r24, 0x06	; 6
     ca6:	8c 83       	std	Y+4, r24	; 0x04
     ca8:	1a 83       	std	Y+2, r17	; 0x02
     caa:	09 83       	std	Y+1, r16	; 0x01
     cac:	8f ef       	ldi	r24, 0xFF	; 255
     cae:	9f e7       	ldi	r25, 0x7F	; 127
     cb0:	9e 83       	std	Y+6, r25	; 0x06
     cb2:	8d 83       	std	Y+5, r24	; 0x05
     cb4:	ae 01       	movw	r20, r28
     cb6:	47 5e       	subi	r20, 0xE7	; 231
     cb8:	5f 4f       	sbci	r21, 0xFF	; 255
     cba:	6f 89       	ldd	r22, Y+23	; 0x17
     cbc:	78 8d       	ldd	r23, Y+24	; 0x18
     cbe:	ce 01       	movw	r24, r28
     cc0:	01 96       	adiw	r24, 0x01	; 1
     cc2:	0e 94 6c 06 	call	0xcd8	; 0xcd8 <vfprintf>
     cc6:	ef 81       	ldd	r30, Y+7	; 0x07
     cc8:	f8 85       	ldd	r31, Y+8	; 0x08
     cca:	e0 0f       	add	r30, r16
     ccc:	f1 1f       	adc	r31, r17
     cce:	10 82       	st	Z, r1
     cd0:	2e 96       	adiw	r28, 0x0e	; 14
     cd2:	e4 e0       	ldi	r30, 0x04	; 4
     cd4:	0c 94 37 09 	jmp	0x126e	; 0x126e <__epilogue_restores__+0x1c>

00000cd8 <vfprintf>:
     cd8:	ab e0       	ldi	r26, 0x0B	; 11
     cda:	b0 e0       	ldi	r27, 0x00	; 0
     cdc:	e2 e7       	ldi	r30, 0x72	; 114
     cde:	f6 e0       	ldi	r31, 0x06	; 6
     ce0:	0c 94 0d 09 	jmp	0x121a	; 0x121a <__prologue_saves__>
     ce4:	6c 01       	movw	r12, r24
     ce6:	7b 01       	movw	r14, r22
     ce8:	8a 01       	movw	r16, r20
     cea:	fc 01       	movw	r30, r24
     cec:	17 82       	std	Z+7, r1	; 0x07
     cee:	16 82       	std	Z+6, r1	; 0x06
     cf0:	83 81       	ldd	r24, Z+3	; 0x03
     cf2:	81 ff       	sbrs	r24, 1
     cf4:	cc c1       	rjmp	.+920    	; 0x108e <vfprintf+0x3b6>
     cf6:	ce 01       	movw	r24, r28
     cf8:	01 96       	adiw	r24, 0x01	; 1
     cfa:	3c 01       	movw	r6, r24
     cfc:	f6 01       	movw	r30, r12
     cfe:	93 81       	ldd	r25, Z+3	; 0x03
     d00:	f7 01       	movw	r30, r14
     d02:	93 fd       	sbrc	r25, 3
     d04:	85 91       	lpm	r24, Z+
     d06:	93 ff       	sbrs	r25, 3
     d08:	81 91       	ld	r24, Z+
     d0a:	7f 01       	movw	r14, r30
     d0c:	88 23       	and	r24, r24
     d0e:	09 f4       	brne	.+2      	; 0xd12 <vfprintf+0x3a>
     d10:	ba c1       	rjmp	.+884    	; 0x1086 <vfprintf+0x3ae>
     d12:	85 32       	cpi	r24, 0x25	; 37
     d14:	39 f4       	brne	.+14     	; 0xd24 <vfprintf+0x4c>
     d16:	93 fd       	sbrc	r25, 3
     d18:	85 91       	lpm	r24, Z+
     d1a:	93 ff       	sbrs	r25, 3
     d1c:	81 91       	ld	r24, Z+
     d1e:	7f 01       	movw	r14, r30
     d20:	85 32       	cpi	r24, 0x25	; 37
     d22:	29 f4       	brne	.+10     	; 0xd2e <vfprintf+0x56>
     d24:	b6 01       	movw	r22, r12
     d26:	90 e0       	ldi	r25, 0x00	; 0
     d28:	0e 94 73 08 	call	0x10e6	; 0x10e6 <fputc>
     d2c:	e7 cf       	rjmp	.-50     	; 0xcfc <vfprintf+0x24>
     d2e:	91 2c       	mov	r9, r1
     d30:	21 2c       	mov	r2, r1
     d32:	31 2c       	mov	r3, r1
     d34:	ff e1       	ldi	r31, 0x1F	; 31
     d36:	f3 15       	cp	r31, r3
     d38:	d8 f0       	brcs	.+54     	; 0xd70 <vfprintf+0x98>
     d3a:	8b 32       	cpi	r24, 0x2B	; 43
     d3c:	79 f0       	breq	.+30     	; 0xd5c <vfprintf+0x84>
     d3e:	38 f4       	brcc	.+14     	; 0xd4e <vfprintf+0x76>
     d40:	80 32       	cpi	r24, 0x20	; 32
     d42:	79 f0       	breq	.+30     	; 0xd62 <vfprintf+0x8a>
     d44:	83 32       	cpi	r24, 0x23	; 35
     d46:	a1 f4       	brne	.+40     	; 0xd70 <vfprintf+0x98>
     d48:	23 2d       	mov	r18, r3
     d4a:	20 61       	ori	r18, 0x10	; 16
     d4c:	1d c0       	rjmp	.+58     	; 0xd88 <vfprintf+0xb0>
     d4e:	8d 32       	cpi	r24, 0x2D	; 45
     d50:	61 f0       	breq	.+24     	; 0xd6a <vfprintf+0x92>
     d52:	80 33       	cpi	r24, 0x30	; 48
     d54:	69 f4       	brne	.+26     	; 0xd70 <vfprintf+0x98>
     d56:	23 2d       	mov	r18, r3
     d58:	21 60       	ori	r18, 0x01	; 1
     d5a:	16 c0       	rjmp	.+44     	; 0xd88 <vfprintf+0xb0>
     d5c:	83 2d       	mov	r24, r3
     d5e:	82 60       	ori	r24, 0x02	; 2
     d60:	38 2e       	mov	r3, r24
     d62:	e3 2d       	mov	r30, r3
     d64:	e4 60       	ori	r30, 0x04	; 4
     d66:	3e 2e       	mov	r3, r30
     d68:	2a c0       	rjmp	.+84     	; 0xdbe <vfprintf+0xe6>
     d6a:	f3 2d       	mov	r31, r3
     d6c:	f8 60       	ori	r31, 0x08	; 8
     d6e:	1d c0       	rjmp	.+58     	; 0xdaa <vfprintf+0xd2>
     d70:	37 fc       	sbrc	r3, 7
     d72:	2d c0       	rjmp	.+90     	; 0xdce <vfprintf+0xf6>
     d74:	20 ed       	ldi	r18, 0xD0	; 208
     d76:	28 0f       	add	r18, r24
     d78:	2a 30       	cpi	r18, 0x0A	; 10
     d7a:	40 f0       	brcs	.+16     	; 0xd8c <vfprintf+0xb4>
     d7c:	8e 32       	cpi	r24, 0x2E	; 46
     d7e:	b9 f4       	brne	.+46     	; 0xdae <vfprintf+0xd6>
     d80:	36 fc       	sbrc	r3, 6
     d82:	81 c1       	rjmp	.+770    	; 0x1086 <vfprintf+0x3ae>
     d84:	23 2d       	mov	r18, r3
     d86:	20 64       	ori	r18, 0x40	; 64
     d88:	32 2e       	mov	r3, r18
     d8a:	19 c0       	rjmp	.+50     	; 0xdbe <vfprintf+0xe6>
     d8c:	36 fe       	sbrs	r3, 6
     d8e:	06 c0       	rjmp	.+12     	; 0xd9c <vfprintf+0xc4>
     d90:	8a e0       	ldi	r24, 0x0A	; 10
     d92:	98 9e       	mul	r9, r24
     d94:	20 0d       	add	r18, r0
     d96:	11 24       	eor	r1, r1
     d98:	92 2e       	mov	r9, r18
     d9a:	11 c0       	rjmp	.+34     	; 0xdbe <vfprintf+0xe6>
     d9c:	ea e0       	ldi	r30, 0x0A	; 10
     d9e:	2e 9e       	mul	r2, r30
     da0:	20 0d       	add	r18, r0
     da2:	11 24       	eor	r1, r1
     da4:	22 2e       	mov	r2, r18
     da6:	f3 2d       	mov	r31, r3
     da8:	f0 62       	ori	r31, 0x20	; 32
     daa:	3f 2e       	mov	r3, r31
     dac:	08 c0       	rjmp	.+16     	; 0xdbe <vfprintf+0xe6>
     dae:	8c 36       	cpi	r24, 0x6C	; 108
     db0:	21 f4       	brne	.+8      	; 0xdba <vfprintf+0xe2>
     db2:	83 2d       	mov	r24, r3
     db4:	80 68       	ori	r24, 0x80	; 128
     db6:	38 2e       	mov	r3, r24
     db8:	02 c0       	rjmp	.+4      	; 0xdbe <vfprintf+0xe6>
     dba:	88 36       	cpi	r24, 0x68	; 104
     dbc:	41 f4       	brne	.+16     	; 0xdce <vfprintf+0xf6>
     dbe:	f7 01       	movw	r30, r14
     dc0:	93 fd       	sbrc	r25, 3
     dc2:	85 91       	lpm	r24, Z+
     dc4:	93 ff       	sbrs	r25, 3
     dc6:	81 91       	ld	r24, Z+
     dc8:	7f 01       	movw	r14, r30
     dca:	81 11       	cpse	r24, r1
     dcc:	b3 cf       	rjmp	.-154    	; 0xd34 <vfprintf+0x5c>
     dce:	98 2f       	mov	r25, r24
     dd0:	9f 7d       	andi	r25, 0xDF	; 223
     dd2:	95 54       	subi	r25, 0x45	; 69
     dd4:	93 30       	cpi	r25, 0x03	; 3
     dd6:	28 f4       	brcc	.+10     	; 0xde2 <vfprintf+0x10a>
     dd8:	0c 5f       	subi	r16, 0xFC	; 252
     dda:	1f 4f       	sbci	r17, 0xFF	; 255
     ddc:	9f e3       	ldi	r25, 0x3F	; 63
     dde:	99 83       	std	Y+1, r25	; 0x01
     de0:	0d c0       	rjmp	.+26     	; 0xdfc <vfprintf+0x124>
     de2:	83 36       	cpi	r24, 0x63	; 99
     de4:	31 f0       	breq	.+12     	; 0xdf2 <vfprintf+0x11a>
     de6:	83 37       	cpi	r24, 0x73	; 115
     de8:	71 f0       	breq	.+28     	; 0xe06 <vfprintf+0x12e>
     dea:	83 35       	cpi	r24, 0x53	; 83
     dec:	09 f0       	breq	.+2      	; 0xdf0 <vfprintf+0x118>
     dee:	59 c0       	rjmp	.+178    	; 0xea2 <vfprintf+0x1ca>
     df0:	21 c0       	rjmp	.+66     	; 0xe34 <vfprintf+0x15c>
     df2:	f8 01       	movw	r30, r16
     df4:	80 81       	ld	r24, Z
     df6:	89 83       	std	Y+1, r24	; 0x01
     df8:	0e 5f       	subi	r16, 0xFE	; 254
     dfa:	1f 4f       	sbci	r17, 0xFF	; 255
     dfc:	88 24       	eor	r8, r8
     dfe:	83 94       	inc	r8
     e00:	91 2c       	mov	r9, r1
     e02:	53 01       	movw	r10, r6
     e04:	13 c0       	rjmp	.+38     	; 0xe2c <vfprintf+0x154>
     e06:	28 01       	movw	r4, r16
     e08:	f2 e0       	ldi	r31, 0x02	; 2
     e0a:	4f 0e       	add	r4, r31
     e0c:	51 1c       	adc	r5, r1
     e0e:	f8 01       	movw	r30, r16
     e10:	a0 80       	ld	r10, Z
     e12:	b1 80       	ldd	r11, Z+1	; 0x01
     e14:	36 fe       	sbrs	r3, 6
     e16:	03 c0       	rjmp	.+6      	; 0xe1e <vfprintf+0x146>
     e18:	69 2d       	mov	r22, r9
     e1a:	70 e0       	ldi	r23, 0x00	; 0
     e1c:	02 c0       	rjmp	.+4      	; 0xe22 <vfprintf+0x14a>
     e1e:	6f ef       	ldi	r22, 0xFF	; 255
     e20:	7f ef       	ldi	r23, 0xFF	; 255
     e22:	c5 01       	movw	r24, r10
     e24:	0e 94 58 08 	call	0x10b0	; 0x10b0 <strnlen>
     e28:	4c 01       	movw	r8, r24
     e2a:	82 01       	movw	r16, r4
     e2c:	f3 2d       	mov	r31, r3
     e2e:	ff 77       	andi	r31, 0x7F	; 127
     e30:	3f 2e       	mov	r3, r31
     e32:	16 c0       	rjmp	.+44     	; 0xe60 <vfprintf+0x188>
     e34:	28 01       	movw	r4, r16
     e36:	22 e0       	ldi	r18, 0x02	; 2
     e38:	42 0e       	add	r4, r18
     e3a:	51 1c       	adc	r5, r1
     e3c:	f8 01       	movw	r30, r16
     e3e:	a0 80       	ld	r10, Z
     e40:	b1 80       	ldd	r11, Z+1	; 0x01
     e42:	36 fe       	sbrs	r3, 6
     e44:	03 c0       	rjmp	.+6      	; 0xe4c <vfprintf+0x174>
     e46:	69 2d       	mov	r22, r9
     e48:	70 e0       	ldi	r23, 0x00	; 0
     e4a:	02 c0       	rjmp	.+4      	; 0xe50 <vfprintf+0x178>
     e4c:	6f ef       	ldi	r22, 0xFF	; 255
     e4e:	7f ef       	ldi	r23, 0xFF	; 255
     e50:	c5 01       	movw	r24, r10
     e52:	0e 94 4d 08 	call	0x109a	; 0x109a <strnlen_P>
     e56:	4c 01       	movw	r8, r24
     e58:	f3 2d       	mov	r31, r3
     e5a:	f0 68       	ori	r31, 0x80	; 128
     e5c:	3f 2e       	mov	r3, r31
     e5e:	82 01       	movw	r16, r4
     e60:	33 fc       	sbrc	r3, 3
     e62:	1b c0       	rjmp	.+54     	; 0xe9a <vfprintf+0x1c2>
     e64:	82 2d       	mov	r24, r2
     e66:	90 e0       	ldi	r25, 0x00	; 0
     e68:	88 16       	cp	r8, r24
     e6a:	99 06       	cpc	r9, r25
     e6c:	b0 f4       	brcc	.+44     	; 0xe9a <vfprintf+0x1c2>
     e6e:	b6 01       	movw	r22, r12
     e70:	80 e2       	ldi	r24, 0x20	; 32
     e72:	90 e0       	ldi	r25, 0x00	; 0
     e74:	0e 94 73 08 	call	0x10e6	; 0x10e6 <fputc>
     e78:	2a 94       	dec	r2
     e7a:	f4 cf       	rjmp	.-24     	; 0xe64 <vfprintf+0x18c>
     e7c:	f5 01       	movw	r30, r10
     e7e:	37 fc       	sbrc	r3, 7
     e80:	85 91       	lpm	r24, Z+
     e82:	37 fe       	sbrs	r3, 7
     e84:	81 91       	ld	r24, Z+
     e86:	5f 01       	movw	r10, r30
     e88:	b6 01       	movw	r22, r12
     e8a:	90 e0       	ldi	r25, 0x00	; 0
     e8c:	0e 94 73 08 	call	0x10e6	; 0x10e6 <fputc>
     e90:	21 10       	cpse	r2, r1
     e92:	2a 94       	dec	r2
     e94:	21 e0       	ldi	r18, 0x01	; 1
     e96:	82 1a       	sub	r8, r18
     e98:	91 08       	sbc	r9, r1
     e9a:	81 14       	cp	r8, r1
     e9c:	91 04       	cpc	r9, r1
     e9e:	71 f7       	brne	.-36     	; 0xe7c <vfprintf+0x1a4>
     ea0:	e8 c0       	rjmp	.+464    	; 0x1072 <vfprintf+0x39a>
     ea2:	84 36       	cpi	r24, 0x64	; 100
     ea4:	11 f0       	breq	.+4      	; 0xeaa <vfprintf+0x1d2>
     ea6:	89 36       	cpi	r24, 0x69	; 105
     ea8:	41 f5       	brne	.+80     	; 0xefa <vfprintf+0x222>
     eaa:	f8 01       	movw	r30, r16
     eac:	37 fe       	sbrs	r3, 7
     eae:	07 c0       	rjmp	.+14     	; 0xebe <vfprintf+0x1e6>
     eb0:	60 81       	ld	r22, Z
     eb2:	71 81       	ldd	r23, Z+1	; 0x01
     eb4:	82 81       	ldd	r24, Z+2	; 0x02
     eb6:	93 81       	ldd	r25, Z+3	; 0x03
     eb8:	0c 5f       	subi	r16, 0xFC	; 252
     eba:	1f 4f       	sbci	r17, 0xFF	; 255
     ebc:	08 c0       	rjmp	.+16     	; 0xece <vfprintf+0x1f6>
     ebe:	60 81       	ld	r22, Z
     ec0:	71 81       	ldd	r23, Z+1	; 0x01
     ec2:	07 2e       	mov	r0, r23
     ec4:	00 0c       	add	r0, r0
     ec6:	88 0b       	sbc	r24, r24
     ec8:	99 0b       	sbc	r25, r25
     eca:	0e 5f       	subi	r16, 0xFE	; 254
     ecc:	1f 4f       	sbci	r17, 0xFF	; 255
     ece:	f3 2d       	mov	r31, r3
     ed0:	ff 76       	andi	r31, 0x6F	; 111
     ed2:	3f 2e       	mov	r3, r31
     ed4:	97 ff       	sbrs	r25, 7
     ed6:	09 c0       	rjmp	.+18     	; 0xeea <vfprintf+0x212>
     ed8:	90 95       	com	r25
     eda:	80 95       	com	r24
     edc:	70 95       	com	r23
     ede:	61 95       	neg	r22
     ee0:	7f 4f       	sbci	r23, 0xFF	; 255
     ee2:	8f 4f       	sbci	r24, 0xFF	; 255
     ee4:	9f 4f       	sbci	r25, 0xFF	; 255
     ee6:	f0 68       	ori	r31, 0x80	; 128
     ee8:	3f 2e       	mov	r3, r31
     eea:	2a e0       	ldi	r18, 0x0A	; 10
     eec:	30 e0       	ldi	r19, 0x00	; 0
     eee:	a3 01       	movw	r20, r6
     ef0:	0e 94 af 08 	call	0x115e	; 0x115e <__ultoa_invert>
     ef4:	88 2e       	mov	r8, r24
     ef6:	86 18       	sub	r8, r6
     ef8:	45 c0       	rjmp	.+138    	; 0xf84 <vfprintf+0x2ac>
     efa:	85 37       	cpi	r24, 0x75	; 117
     efc:	31 f4       	brne	.+12     	; 0xf0a <vfprintf+0x232>
     efe:	23 2d       	mov	r18, r3
     f00:	2f 7e       	andi	r18, 0xEF	; 239
     f02:	b2 2e       	mov	r11, r18
     f04:	2a e0       	ldi	r18, 0x0A	; 10
     f06:	30 e0       	ldi	r19, 0x00	; 0
     f08:	25 c0       	rjmp	.+74     	; 0xf54 <vfprintf+0x27c>
     f0a:	93 2d       	mov	r25, r3
     f0c:	99 7f       	andi	r25, 0xF9	; 249
     f0e:	b9 2e       	mov	r11, r25
     f10:	8f 36       	cpi	r24, 0x6F	; 111
     f12:	c1 f0       	breq	.+48     	; 0xf44 <vfprintf+0x26c>
     f14:	18 f4       	brcc	.+6      	; 0xf1c <vfprintf+0x244>
     f16:	88 35       	cpi	r24, 0x58	; 88
     f18:	79 f0       	breq	.+30     	; 0xf38 <vfprintf+0x260>
     f1a:	b5 c0       	rjmp	.+362    	; 0x1086 <vfprintf+0x3ae>
     f1c:	80 37       	cpi	r24, 0x70	; 112
     f1e:	19 f0       	breq	.+6      	; 0xf26 <vfprintf+0x24e>
     f20:	88 37       	cpi	r24, 0x78	; 120
     f22:	21 f0       	breq	.+8      	; 0xf2c <vfprintf+0x254>
     f24:	b0 c0       	rjmp	.+352    	; 0x1086 <vfprintf+0x3ae>
     f26:	e9 2f       	mov	r30, r25
     f28:	e0 61       	ori	r30, 0x10	; 16
     f2a:	be 2e       	mov	r11, r30
     f2c:	b4 fe       	sbrs	r11, 4
     f2e:	0d c0       	rjmp	.+26     	; 0xf4a <vfprintf+0x272>
     f30:	fb 2d       	mov	r31, r11
     f32:	f4 60       	ori	r31, 0x04	; 4
     f34:	bf 2e       	mov	r11, r31
     f36:	09 c0       	rjmp	.+18     	; 0xf4a <vfprintf+0x272>
     f38:	34 fe       	sbrs	r3, 4
     f3a:	0a c0       	rjmp	.+20     	; 0xf50 <vfprintf+0x278>
     f3c:	29 2f       	mov	r18, r25
     f3e:	26 60       	ori	r18, 0x06	; 6
     f40:	b2 2e       	mov	r11, r18
     f42:	06 c0       	rjmp	.+12     	; 0xf50 <vfprintf+0x278>
     f44:	28 e0       	ldi	r18, 0x08	; 8
     f46:	30 e0       	ldi	r19, 0x00	; 0
     f48:	05 c0       	rjmp	.+10     	; 0xf54 <vfprintf+0x27c>
     f4a:	20 e1       	ldi	r18, 0x10	; 16
     f4c:	30 e0       	ldi	r19, 0x00	; 0
     f4e:	02 c0       	rjmp	.+4      	; 0xf54 <vfprintf+0x27c>
     f50:	20 e1       	ldi	r18, 0x10	; 16
     f52:	32 e0       	ldi	r19, 0x02	; 2
     f54:	f8 01       	movw	r30, r16
     f56:	b7 fe       	sbrs	r11, 7
     f58:	07 c0       	rjmp	.+14     	; 0xf68 <vfprintf+0x290>
     f5a:	60 81       	ld	r22, Z
     f5c:	71 81       	ldd	r23, Z+1	; 0x01
     f5e:	82 81       	ldd	r24, Z+2	; 0x02
     f60:	93 81       	ldd	r25, Z+3	; 0x03
     f62:	0c 5f       	subi	r16, 0xFC	; 252
     f64:	1f 4f       	sbci	r17, 0xFF	; 255
     f66:	06 c0       	rjmp	.+12     	; 0xf74 <vfprintf+0x29c>
     f68:	60 81       	ld	r22, Z
     f6a:	71 81       	ldd	r23, Z+1	; 0x01
     f6c:	80 e0       	ldi	r24, 0x00	; 0
     f6e:	90 e0       	ldi	r25, 0x00	; 0
     f70:	0e 5f       	subi	r16, 0xFE	; 254
     f72:	1f 4f       	sbci	r17, 0xFF	; 255
     f74:	a3 01       	movw	r20, r6
     f76:	0e 94 af 08 	call	0x115e	; 0x115e <__ultoa_invert>
     f7a:	88 2e       	mov	r8, r24
     f7c:	86 18       	sub	r8, r6
     f7e:	fb 2d       	mov	r31, r11
     f80:	ff 77       	andi	r31, 0x7F	; 127
     f82:	3f 2e       	mov	r3, r31
     f84:	36 fe       	sbrs	r3, 6
     f86:	0d c0       	rjmp	.+26     	; 0xfa2 <vfprintf+0x2ca>
     f88:	23 2d       	mov	r18, r3
     f8a:	2e 7f       	andi	r18, 0xFE	; 254
     f8c:	a2 2e       	mov	r10, r18
     f8e:	89 14       	cp	r8, r9
     f90:	58 f4       	brcc	.+22     	; 0xfa8 <vfprintf+0x2d0>
     f92:	34 fe       	sbrs	r3, 4
     f94:	0b c0       	rjmp	.+22     	; 0xfac <vfprintf+0x2d4>
     f96:	32 fc       	sbrc	r3, 2
     f98:	09 c0       	rjmp	.+18     	; 0xfac <vfprintf+0x2d4>
     f9a:	83 2d       	mov	r24, r3
     f9c:	8e 7e       	andi	r24, 0xEE	; 238
     f9e:	a8 2e       	mov	r10, r24
     fa0:	05 c0       	rjmp	.+10     	; 0xfac <vfprintf+0x2d4>
     fa2:	b8 2c       	mov	r11, r8
     fa4:	a3 2c       	mov	r10, r3
     fa6:	03 c0       	rjmp	.+6      	; 0xfae <vfprintf+0x2d6>
     fa8:	b8 2c       	mov	r11, r8
     faa:	01 c0       	rjmp	.+2      	; 0xfae <vfprintf+0x2d6>
     fac:	b9 2c       	mov	r11, r9
     fae:	a4 fe       	sbrs	r10, 4
     fb0:	0f c0       	rjmp	.+30     	; 0xfd0 <vfprintf+0x2f8>
     fb2:	fe 01       	movw	r30, r28
     fb4:	e8 0d       	add	r30, r8
     fb6:	f1 1d       	adc	r31, r1
     fb8:	80 81       	ld	r24, Z
     fba:	80 33       	cpi	r24, 0x30	; 48
     fbc:	21 f4       	brne	.+8      	; 0xfc6 <vfprintf+0x2ee>
     fbe:	9a 2d       	mov	r25, r10
     fc0:	99 7e       	andi	r25, 0xE9	; 233
     fc2:	a9 2e       	mov	r10, r25
     fc4:	09 c0       	rjmp	.+18     	; 0xfd8 <vfprintf+0x300>
     fc6:	a2 fe       	sbrs	r10, 2
     fc8:	06 c0       	rjmp	.+12     	; 0xfd6 <vfprintf+0x2fe>
     fca:	b3 94       	inc	r11
     fcc:	b3 94       	inc	r11
     fce:	04 c0       	rjmp	.+8      	; 0xfd8 <vfprintf+0x300>
     fd0:	8a 2d       	mov	r24, r10
     fd2:	86 78       	andi	r24, 0x86	; 134
     fd4:	09 f0       	breq	.+2      	; 0xfd8 <vfprintf+0x300>
     fd6:	b3 94       	inc	r11
     fd8:	a3 fc       	sbrc	r10, 3
     fda:	11 c0       	rjmp	.+34     	; 0xffe <vfprintf+0x326>
     fdc:	a0 fe       	sbrs	r10, 0
     fde:	06 c0       	rjmp	.+12     	; 0xfec <vfprintf+0x314>
     fe0:	b2 14       	cp	r11, r2
     fe2:	88 f4       	brcc	.+34     	; 0x1006 <vfprintf+0x32e>
     fe4:	28 0c       	add	r2, r8
     fe6:	92 2c       	mov	r9, r2
     fe8:	9b 18       	sub	r9, r11
     fea:	0e c0       	rjmp	.+28     	; 0x1008 <vfprintf+0x330>
     fec:	b2 14       	cp	r11, r2
     fee:	60 f4       	brcc	.+24     	; 0x1008 <vfprintf+0x330>
     ff0:	b6 01       	movw	r22, r12
     ff2:	80 e2       	ldi	r24, 0x20	; 32
     ff4:	90 e0       	ldi	r25, 0x00	; 0
     ff6:	0e 94 73 08 	call	0x10e6	; 0x10e6 <fputc>
     ffa:	b3 94       	inc	r11
     ffc:	f7 cf       	rjmp	.-18     	; 0xfec <vfprintf+0x314>
     ffe:	b2 14       	cp	r11, r2
    1000:	18 f4       	brcc	.+6      	; 0x1008 <vfprintf+0x330>
    1002:	2b 18       	sub	r2, r11
    1004:	02 c0       	rjmp	.+4      	; 0x100a <vfprintf+0x332>
    1006:	98 2c       	mov	r9, r8
    1008:	21 2c       	mov	r2, r1
    100a:	a4 fe       	sbrs	r10, 4
    100c:	10 c0       	rjmp	.+32     	; 0x102e <vfprintf+0x356>
    100e:	b6 01       	movw	r22, r12
    1010:	80 e3       	ldi	r24, 0x30	; 48
    1012:	90 e0       	ldi	r25, 0x00	; 0
    1014:	0e 94 73 08 	call	0x10e6	; 0x10e6 <fputc>
    1018:	a2 fe       	sbrs	r10, 2
    101a:	17 c0       	rjmp	.+46     	; 0x104a <vfprintf+0x372>
    101c:	a1 fc       	sbrc	r10, 1
    101e:	03 c0       	rjmp	.+6      	; 0x1026 <vfprintf+0x34e>
    1020:	88 e7       	ldi	r24, 0x78	; 120
    1022:	90 e0       	ldi	r25, 0x00	; 0
    1024:	02 c0       	rjmp	.+4      	; 0x102a <vfprintf+0x352>
    1026:	88 e5       	ldi	r24, 0x58	; 88
    1028:	90 e0       	ldi	r25, 0x00	; 0
    102a:	b6 01       	movw	r22, r12
    102c:	0c c0       	rjmp	.+24     	; 0x1046 <vfprintf+0x36e>
    102e:	8a 2d       	mov	r24, r10
    1030:	86 78       	andi	r24, 0x86	; 134
    1032:	59 f0       	breq	.+22     	; 0x104a <vfprintf+0x372>
    1034:	a1 fe       	sbrs	r10, 1
    1036:	02 c0       	rjmp	.+4      	; 0x103c <vfprintf+0x364>
    1038:	8b e2       	ldi	r24, 0x2B	; 43
    103a:	01 c0       	rjmp	.+2      	; 0x103e <vfprintf+0x366>
    103c:	80 e2       	ldi	r24, 0x20	; 32
    103e:	a7 fc       	sbrc	r10, 7
    1040:	8d e2       	ldi	r24, 0x2D	; 45
    1042:	b6 01       	movw	r22, r12
    1044:	90 e0       	ldi	r25, 0x00	; 0
    1046:	0e 94 73 08 	call	0x10e6	; 0x10e6 <fputc>
    104a:	89 14       	cp	r8, r9
    104c:	38 f4       	brcc	.+14     	; 0x105c <vfprintf+0x384>
    104e:	b6 01       	movw	r22, r12
    1050:	80 e3       	ldi	r24, 0x30	; 48
    1052:	90 e0       	ldi	r25, 0x00	; 0
    1054:	0e 94 73 08 	call	0x10e6	; 0x10e6 <fputc>
    1058:	9a 94       	dec	r9
    105a:	f7 cf       	rjmp	.-18     	; 0x104a <vfprintf+0x372>
    105c:	8a 94       	dec	r8
    105e:	f3 01       	movw	r30, r6
    1060:	e8 0d       	add	r30, r8
    1062:	f1 1d       	adc	r31, r1
    1064:	80 81       	ld	r24, Z
    1066:	b6 01       	movw	r22, r12
    1068:	90 e0       	ldi	r25, 0x00	; 0
    106a:	0e 94 73 08 	call	0x10e6	; 0x10e6 <fputc>
    106e:	81 10       	cpse	r8, r1
    1070:	f5 cf       	rjmp	.-22     	; 0x105c <vfprintf+0x384>
    1072:	22 20       	and	r2, r2
    1074:	09 f4       	brne	.+2      	; 0x1078 <vfprintf+0x3a0>
    1076:	42 ce       	rjmp	.-892    	; 0xcfc <vfprintf+0x24>
    1078:	b6 01       	movw	r22, r12
    107a:	80 e2       	ldi	r24, 0x20	; 32
    107c:	90 e0       	ldi	r25, 0x00	; 0
    107e:	0e 94 73 08 	call	0x10e6	; 0x10e6 <fputc>
    1082:	2a 94       	dec	r2
    1084:	f6 cf       	rjmp	.-20     	; 0x1072 <vfprintf+0x39a>
    1086:	f6 01       	movw	r30, r12
    1088:	86 81       	ldd	r24, Z+6	; 0x06
    108a:	97 81       	ldd	r25, Z+7	; 0x07
    108c:	02 c0       	rjmp	.+4      	; 0x1092 <vfprintf+0x3ba>
    108e:	8f ef       	ldi	r24, 0xFF	; 255
    1090:	9f ef       	ldi	r25, 0xFF	; 255
    1092:	2b 96       	adiw	r28, 0x0b	; 11
    1094:	e2 e1       	ldi	r30, 0x12	; 18
    1096:	0c 94 29 09 	jmp	0x1252	; 0x1252 <__epilogue_restores__>

0000109a <strnlen_P>:
    109a:	fc 01       	movw	r30, r24
    109c:	05 90       	lpm	r0, Z+
    109e:	61 50       	subi	r22, 0x01	; 1
    10a0:	70 40       	sbci	r23, 0x00	; 0
    10a2:	01 10       	cpse	r0, r1
    10a4:	d8 f7       	brcc	.-10     	; 0x109c <strnlen_P+0x2>
    10a6:	80 95       	com	r24
    10a8:	90 95       	com	r25
    10aa:	8e 0f       	add	r24, r30
    10ac:	9f 1f       	adc	r25, r31
    10ae:	08 95       	ret

000010b0 <strnlen>:
    10b0:	fc 01       	movw	r30, r24
    10b2:	61 50       	subi	r22, 0x01	; 1
    10b4:	70 40       	sbci	r23, 0x00	; 0
    10b6:	01 90       	ld	r0, Z+
    10b8:	01 10       	cpse	r0, r1
    10ba:	d8 f7       	brcc	.-10     	; 0x10b2 <strnlen+0x2>
    10bc:	80 95       	com	r24
    10be:	90 95       	com	r25
    10c0:	8e 0f       	add	r24, r30
    10c2:	9f 1f       	adc	r25, r31
    10c4:	08 95       	ret

000010c6 <strrev>:
    10c6:	dc 01       	movw	r26, r24
    10c8:	fc 01       	movw	r30, r24
    10ca:	67 2f       	mov	r22, r23
    10cc:	71 91       	ld	r23, Z+
    10ce:	77 23       	and	r23, r23
    10d0:	e1 f7       	brne	.-8      	; 0x10ca <strrev+0x4>
    10d2:	32 97       	sbiw	r30, 0x02	; 2
    10d4:	04 c0       	rjmp	.+8      	; 0x10de <strrev+0x18>
    10d6:	7c 91       	ld	r23, X
    10d8:	6d 93       	st	X+, r22
    10da:	70 83       	st	Z, r23
    10dc:	62 91       	ld	r22, -Z
    10de:	ae 17       	cp	r26, r30
    10e0:	bf 07       	cpc	r27, r31
    10e2:	c8 f3       	brcs	.-14     	; 0x10d6 <strrev+0x10>
    10e4:	08 95       	ret

000010e6 <fputc>:
    10e6:	0f 93       	push	r16
    10e8:	1f 93       	push	r17
    10ea:	cf 93       	push	r28
    10ec:	df 93       	push	r29
    10ee:	fb 01       	movw	r30, r22
    10f0:	23 81       	ldd	r18, Z+3	; 0x03
    10f2:	21 fd       	sbrc	r18, 1
    10f4:	03 c0       	rjmp	.+6      	; 0x10fc <fputc+0x16>
    10f6:	8f ef       	ldi	r24, 0xFF	; 255
    10f8:	9f ef       	ldi	r25, 0xFF	; 255
    10fa:	2c c0       	rjmp	.+88     	; 0x1154 <fputc+0x6e>
    10fc:	22 ff       	sbrs	r18, 2
    10fe:	16 c0       	rjmp	.+44     	; 0x112c <fputc+0x46>
    1100:	46 81       	ldd	r20, Z+6	; 0x06
    1102:	57 81       	ldd	r21, Z+7	; 0x07
    1104:	24 81       	ldd	r18, Z+4	; 0x04
    1106:	35 81       	ldd	r19, Z+5	; 0x05
    1108:	42 17       	cp	r20, r18
    110a:	53 07       	cpc	r21, r19
    110c:	44 f4       	brge	.+16     	; 0x111e <fputc+0x38>
    110e:	a0 81       	ld	r26, Z
    1110:	b1 81       	ldd	r27, Z+1	; 0x01
    1112:	9d 01       	movw	r18, r26
    1114:	2f 5f       	subi	r18, 0xFF	; 255
    1116:	3f 4f       	sbci	r19, 0xFF	; 255
    1118:	31 83       	std	Z+1, r19	; 0x01
    111a:	20 83       	st	Z, r18
    111c:	8c 93       	st	X, r24
    111e:	26 81       	ldd	r18, Z+6	; 0x06
    1120:	37 81       	ldd	r19, Z+7	; 0x07
    1122:	2f 5f       	subi	r18, 0xFF	; 255
    1124:	3f 4f       	sbci	r19, 0xFF	; 255
    1126:	37 83       	std	Z+7, r19	; 0x07
    1128:	26 83       	std	Z+6, r18	; 0x06
    112a:	14 c0       	rjmp	.+40     	; 0x1154 <fputc+0x6e>
    112c:	8b 01       	movw	r16, r22
    112e:	ec 01       	movw	r28, r24
    1130:	fb 01       	movw	r30, r22
    1132:	00 84       	ldd	r0, Z+8	; 0x08
    1134:	f1 85       	ldd	r31, Z+9	; 0x09
    1136:	e0 2d       	mov	r30, r0
    1138:	09 95       	icall
    113a:	89 2b       	or	r24, r25
    113c:	e1 f6       	brne	.-72     	; 0x10f6 <fputc+0x10>
    113e:	d8 01       	movw	r26, r16
    1140:	16 96       	adiw	r26, 0x06	; 6
    1142:	8d 91       	ld	r24, X+
    1144:	9c 91       	ld	r25, X
    1146:	17 97       	sbiw	r26, 0x07	; 7
    1148:	01 96       	adiw	r24, 0x01	; 1
    114a:	17 96       	adiw	r26, 0x07	; 7
    114c:	9c 93       	st	X, r25
    114e:	8e 93       	st	-X, r24
    1150:	16 97       	sbiw	r26, 0x06	; 6
    1152:	ce 01       	movw	r24, r28
    1154:	df 91       	pop	r29
    1156:	cf 91       	pop	r28
    1158:	1f 91       	pop	r17
    115a:	0f 91       	pop	r16
    115c:	08 95       	ret

0000115e <__ultoa_invert>:
    115e:	fa 01       	movw	r30, r20
    1160:	aa 27       	eor	r26, r26
    1162:	28 30       	cpi	r18, 0x08	; 8
    1164:	51 f1       	breq	.+84     	; 0x11ba <__ultoa_invert+0x5c>
    1166:	20 31       	cpi	r18, 0x10	; 16
    1168:	81 f1       	breq	.+96     	; 0x11ca <__ultoa_invert+0x6c>
    116a:	e8 94       	clt
    116c:	6f 93       	push	r22
    116e:	6e 7f       	andi	r22, 0xFE	; 254
    1170:	6e 5f       	subi	r22, 0xFE	; 254
    1172:	7f 4f       	sbci	r23, 0xFF	; 255
    1174:	8f 4f       	sbci	r24, 0xFF	; 255
    1176:	9f 4f       	sbci	r25, 0xFF	; 255
    1178:	af 4f       	sbci	r26, 0xFF	; 255
    117a:	b1 e0       	ldi	r27, 0x01	; 1
    117c:	3e d0       	rcall	.+124    	; 0x11fa <__ultoa_invert+0x9c>
    117e:	b4 e0       	ldi	r27, 0x04	; 4
    1180:	3c d0       	rcall	.+120    	; 0x11fa <__ultoa_invert+0x9c>
    1182:	67 0f       	add	r22, r23
    1184:	78 1f       	adc	r23, r24
    1186:	89 1f       	adc	r24, r25
    1188:	9a 1f       	adc	r25, r26
    118a:	a1 1d       	adc	r26, r1
    118c:	68 0f       	add	r22, r24
    118e:	79 1f       	adc	r23, r25
    1190:	8a 1f       	adc	r24, r26
    1192:	91 1d       	adc	r25, r1
    1194:	a1 1d       	adc	r26, r1
    1196:	6a 0f       	add	r22, r26
    1198:	71 1d       	adc	r23, r1
    119a:	81 1d       	adc	r24, r1
    119c:	91 1d       	adc	r25, r1
    119e:	a1 1d       	adc	r26, r1
    11a0:	20 d0       	rcall	.+64     	; 0x11e2 <__ultoa_invert+0x84>
    11a2:	09 f4       	brne	.+2      	; 0x11a6 <__ultoa_invert+0x48>
    11a4:	68 94       	set
    11a6:	3f 91       	pop	r19
    11a8:	2a e0       	ldi	r18, 0x0A	; 10
    11aa:	26 9f       	mul	r18, r22
    11ac:	11 24       	eor	r1, r1
    11ae:	30 19       	sub	r19, r0
    11b0:	30 5d       	subi	r19, 0xD0	; 208
    11b2:	31 93       	st	Z+, r19
    11b4:	de f6       	brtc	.-74     	; 0x116c <__ultoa_invert+0xe>
    11b6:	cf 01       	movw	r24, r30
    11b8:	08 95       	ret
    11ba:	46 2f       	mov	r20, r22
    11bc:	47 70       	andi	r20, 0x07	; 7
    11be:	40 5d       	subi	r20, 0xD0	; 208
    11c0:	41 93       	st	Z+, r20
    11c2:	b3 e0       	ldi	r27, 0x03	; 3
    11c4:	0f d0       	rcall	.+30     	; 0x11e4 <__ultoa_invert+0x86>
    11c6:	c9 f7       	brne	.-14     	; 0x11ba <__ultoa_invert+0x5c>
    11c8:	f6 cf       	rjmp	.-20     	; 0x11b6 <__ultoa_invert+0x58>
    11ca:	46 2f       	mov	r20, r22
    11cc:	4f 70       	andi	r20, 0x0F	; 15
    11ce:	40 5d       	subi	r20, 0xD0	; 208
    11d0:	4a 33       	cpi	r20, 0x3A	; 58
    11d2:	18 f0       	brcs	.+6      	; 0x11da <__ultoa_invert+0x7c>
    11d4:	49 5d       	subi	r20, 0xD9	; 217
    11d6:	31 fd       	sbrc	r19, 1
    11d8:	40 52       	subi	r20, 0x20	; 32
    11da:	41 93       	st	Z+, r20
    11dc:	02 d0       	rcall	.+4      	; 0x11e2 <__ultoa_invert+0x84>
    11de:	a9 f7       	brne	.-22     	; 0x11ca <__ultoa_invert+0x6c>
    11e0:	ea cf       	rjmp	.-44     	; 0x11b6 <__ultoa_invert+0x58>
    11e2:	b4 e0       	ldi	r27, 0x04	; 4
    11e4:	a6 95       	lsr	r26
    11e6:	97 95       	ror	r25
    11e8:	87 95       	ror	r24
    11ea:	77 95       	ror	r23
    11ec:	67 95       	ror	r22
    11ee:	ba 95       	dec	r27
    11f0:	c9 f7       	brne	.-14     	; 0x11e4 <__ultoa_invert+0x86>
    11f2:	00 97       	sbiw	r24, 0x00	; 0
    11f4:	61 05       	cpc	r22, r1
    11f6:	71 05       	cpc	r23, r1
    11f8:	08 95       	ret
    11fa:	9b 01       	movw	r18, r22
    11fc:	ac 01       	movw	r20, r24
    11fe:	0a 2e       	mov	r0, r26
    1200:	06 94       	lsr	r0
    1202:	57 95       	ror	r21
    1204:	47 95       	ror	r20
    1206:	37 95       	ror	r19
    1208:	27 95       	ror	r18
    120a:	ba 95       	dec	r27
    120c:	c9 f7       	brne	.-14     	; 0x1200 <__ultoa_invert+0xa2>
    120e:	62 0f       	add	r22, r18
    1210:	73 1f       	adc	r23, r19
    1212:	84 1f       	adc	r24, r20
    1214:	95 1f       	adc	r25, r21
    1216:	a0 1d       	adc	r26, r0
    1218:	08 95       	ret

0000121a <__prologue_saves__>:
    121a:	2f 92       	push	r2
    121c:	3f 92       	push	r3
    121e:	4f 92       	push	r4
    1220:	5f 92       	push	r5
    1222:	6f 92       	push	r6
    1224:	7f 92       	push	r7
    1226:	8f 92       	push	r8
    1228:	9f 92       	push	r9
    122a:	af 92       	push	r10
    122c:	bf 92       	push	r11
    122e:	cf 92       	push	r12
    1230:	df 92       	push	r13
    1232:	ef 92       	push	r14
    1234:	ff 92       	push	r15
    1236:	0f 93       	push	r16
    1238:	1f 93       	push	r17
    123a:	cf 93       	push	r28
    123c:	df 93       	push	r29
    123e:	cd b7       	in	r28, 0x3d	; 61
    1240:	de b7       	in	r29, 0x3e	; 62
    1242:	ca 1b       	sub	r28, r26
    1244:	db 0b       	sbc	r29, r27
    1246:	0f b6       	in	r0, 0x3f	; 63
    1248:	f8 94       	cli
    124a:	de bf       	out	0x3e, r29	; 62
    124c:	0f be       	out	0x3f, r0	; 63
    124e:	cd bf       	out	0x3d, r28	; 61
    1250:	09 94       	ijmp

00001252 <__epilogue_restores__>:
    1252:	2a 88       	ldd	r2, Y+18	; 0x12
    1254:	39 88       	ldd	r3, Y+17	; 0x11
    1256:	48 88       	ldd	r4, Y+16	; 0x10
    1258:	5f 84       	ldd	r5, Y+15	; 0x0f
    125a:	6e 84       	ldd	r6, Y+14	; 0x0e
    125c:	7d 84       	ldd	r7, Y+13	; 0x0d
    125e:	8c 84       	ldd	r8, Y+12	; 0x0c
    1260:	9b 84       	ldd	r9, Y+11	; 0x0b
    1262:	aa 84       	ldd	r10, Y+10	; 0x0a
    1264:	b9 84       	ldd	r11, Y+9	; 0x09
    1266:	c8 84       	ldd	r12, Y+8	; 0x08
    1268:	df 80       	ldd	r13, Y+7	; 0x07
    126a:	ee 80       	ldd	r14, Y+6	; 0x06
    126c:	fd 80       	ldd	r15, Y+5	; 0x05
    126e:	0c 81       	ldd	r16, Y+4	; 0x04
    1270:	1b 81       	ldd	r17, Y+3	; 0x03
    1272:	aa 81       	ldd	r26, Y+2	; 0x02
    1274:	b9 81       	ldd	r27, Y+1	; 0x01
    1276:	ce 0f       	add	r28, r30
    1278:	d1 1d       	adc	r29, r1
    127a:	0f b6       	in	r0, 0x3f	; 63
    127c:	f8 94       	cli
    127e:	de bf       	out	0x3e, r29	; 62
    1280:	0f be       	out	0x3f, r0	; 63
    1282:	cd bf       	out	0x3d, r28	; 61
    1284:	ed 01       	movw	r28, r26
    1286:	08 95       	ret

00001288 <_exit>:
    1288:	f8 94       	cli

0000128a <__stop_program>:
    128a:	ff cf       	rjmp	.-2      	; 0x128a <__stop_program>
